source_name,source_type,topic,available,rows,columns,error
vw_retention_strategy_priority,phase_07_strategy,retention_strategy,True,1110,16,
vw_retention_impact_scenarios,phase_07_strategy,retention_strategy,True,4436,6,
vw_retention_action_framework,phase_07_strategy,retention_strategy,True,3,11,
vw_market_retention,phase_06_geography,geography,True,1106,10,
vw_market_segment_risk,phase_06_geography,geography,True,61,9,
vw_geographic_risk_grid,phase_06_geography,geography,True,1624,8,
vw_benchmark_reference,phase_08_benchmarking,benchmarking,True,6,9,
vw_segment_benchmark_gap,phase_08_benchmarking,benchmarking,True,3,13,
vw_state_benchmark_gap,phase_08_benchmarking,benchmarking,True,1,11,
vw_city_benchmark_gap,phase_08_benchmarking,benchmarking,True,27,13,
vw_benchmark_gap_summary,phase_08_benchmarking,benchmarking,True,3,5,
vw_city_benchmark_management,phase_08_benchmarking,benchmarking,True,27,10,
vw_segment_strategy_benchmark,phase_08_benchmarking,benchmarking,True,3,14,
