chunk_id,document_id,source_name,source_type,topic,chunk_number,chunk_text,similarity,rank,question_id
project_methodology:0:chunk_1,project_methodology:0,project_methodology,curated_project_reference,definitions,1,"GenAI / RAG Knowledge Layer ## Core definitions ### Churn rate `Churn Rate = Churned Customers / Total Customers × 100` ### Revenue at risk Revenue at risk is a **historical exposure proxy**. It is the sum of `total_revenue` associated with customers already recorded as churned. It is not a forecast of future lost revenue. ### Priority score `Priority Score = Revenue at Risk × Ease-of-Intervention Score` The ease-of-intervention score is a **subjective 1–5 business input**. The score is not inferred from churn, CLTV, or any other model output. ### Impact scenario `Estimated Recovered Revenue = Revenue at Risk × Recovery Rate` Default scenarios used in Phase 7 are 5%, 10%, 20%, and 30%. They are scenario assumptions, not predictions. ### Benchmark gap `Benchmark Gap = Observed Churn Rate − Benchmark Churn Rate` The Phase 8 default status tolerance is ±1.0 percentage point. This is a repor",0.47390336,1,Q01
project_methodology:0:chunk_2,project_methodology:0,project_methodology,curated_project_reference,definitions,2,"chmark gap `Benchmark Gap = Observed Churn Rate − Benchmark Churn Rate` The Phase 8 default status tolerance is ±1.0 percentage point. This is a reporting convention, not a statistical significance test. ### Peer-city benchmark The peer-city benchmark is the median churn rate among cities meeting the Phase 8 minimum market-size requirement of 25 customers. ## Interpretation rules - Geographic patterns are descriptive and do not prove that geography causes churn. - Benchmark gaps are descriptive comparisons and are not predictive forecasts. - Priority scores depend on explicit business assumptions. - External benchmarks are used only when a directly comparable source, period, population, unit, and notes are available. - RAG answers should distinguish observed values from calculations, assumptions, and interpretations. - When the retrieved evidence is insufficient, the assistant should say",0.3733252,2,Q01
project_methodology:0:chunk_0,project_methodology:0,project_methodology,curated_project_reference,definitions,0,"# RetainIQ — Project Knowledge Reference ## Project purpose RetainIQ is a telecom customer-retention analytics project. I move from customer-level data quality and warehouse modeling through churn analysis, segmentation, geographic analysis, retention strategy, and benchmark context. This reference is intended to give the GenAI/RAG layer stable definitions and interpretation rules. ## Phase map 1. Business Understanding & Data Quality Audit 2. Data Cleaning & Transformation 3. MySQL Data Modeling & Analytical Warehouse Design 4. EDA & Statistical Modeling 5. Customer Segmentation & Retention Profiling 6. Geospatial & Market-Level Retention Analysis 7. Retention Strategy & Business Intelligence Layer 8. Benchmarking & Performance Context 9. GenAI / RAG Knowledge Layer ## Core definitions ### Churn rate `Churn Rate = Churned Customers / Total Customers × 100` ### Revenue at risk Revenue at",0.22173518,3,Q01
vw_retention_action_framework:0:chunk_0,vw_retention_action_framework:0,vw_retention_action_framework,phase_07_strategy,retention_strategy,0,"Source: vw_retention_action_framework | Topic: retention_strategy | segment_id: 0 | segment_name: Segment 0 — Emerging Risk | retention_profile: Retention Priority | customers: 3226 | avg_cltv: 4013.45 | churn_rate_pct: 46.99 | revenue_at_risk: 1944581.19 | priority_score: 7778324.76 | action_theme: Proactive churn-prevention intervention | action_description: Use early intervention, value-alignment messaging, and targeted support before churn risk becomes a realized loss. | created_at: 2026-09-25 21:32:57",0.11287911,4,Q01
vw_benchmark_reference:0:chunk_0,vw_benchmark_reference:0,vw_benchmark_reference,phase_08_benchmarking,benchmarking,0,Source: vw_benchmark_reference | Topic: benchmarking | benchmark_scope: peer_city | benchmark_name: Median qualifying-city churn | metric: churn_rate_pct | benchmark_value: 26.620000 | unit: % | source: Internal Phase 7 city base | population: 27 | notes: Median across cities with at least 25 customers.,0.07142794,5,Q01
vw_benchmark_reference:3:chunk_0,vw_benchmark_reference:3,vw_benchmark_reference,phase_08_benchmarking,benchmarking,0,Source: vw_benchmark_reference | Topic: benchmarking | benchmark_scope: portfolio | benchmark_name: Portfolio revenue-at-risk per customer | metric: revenue_at_risk_per_customer | benchmark_value: 523.137842 | unit: dataset currency/customer | source: Internal Phase 7 segment base | population: 7043 | notes: Historical revenue-at-risk proxy divided by total customers.,0.33043808,1,Q02
vw_benchmark_reference:4:chunk_0,vw_benchmark_reference:4,vw_benchmark_reference,phase_08_benchmarking,benchmarking,0,Source: vw_benchmark_reference | Topic: benchmarking | benchmark_scope: portfolio | benchmark_name: Portfolio weighted churn | metric: churn_rate_pct | benchmark_value: 26.536987 | unit: % | source: Internal Phase 7 customer base | population: 7043 | notes: Weighted by customer counts.,0.13293172,2,Q02
vw_retention_impact_scenarios:0:chunk_0,vw_retention_impact_scenarios:0,vw_retention_impact_scenarios,phase_07_strategy,retention_strategy,0,Source: vw_retention_impact_scenarios | Topic: retention_strategy | scope: segment | entity_name: Segment 0 — Emerging Risk | revenue_at_risk: 1944581.19 | recovery_rate_pct: 5.00 | estimated_recovered_revenue: 97229.06 | created_at: 2026-09-25 21:32:57,0.12191294,3,Q02
vw_retention_impact_scenarios:3:chunk_0,vw_retention_impact_scenarios:3,vw_retention_impact_scenarios,phase_07_strategy,retention_strategy,0,Source: vw_retention_impact_scenarios | Topic: retention_strategy | scope: segment | entity_name: Segment 0 — Emerging Risk | revenue_at_risk: 1944581.19 | recovery_rate_pct: 30.00 | estimated_recovered_revenue: 583374.36 | created_at: 2026-09-25 21:32:57,0.121807635,4,Q02
vw_retention_impact_scenarios:1:chunk_0,vw_retention_impact_scenarios:1,vw_retention_impact_scenarios,phase_07_strategy,retention_strategy,0,Source: vw_retention_impact_scenarios | Topic: retention_strategy | scope: segment | entity_name: Segment 0 — Emerging Risk | revenue_at_risk: 1944581.19 | recovery_rate_pct: 10.00 | estimated_recovered_revenue: 194458.12 | created_at: 2026-09-25 21:32:57,0.12172854,5,Q02
project_methodology:0:chunk_2,project_methodology:0,project_methodology,curated_project_reference,definitions,2,"chmark gap `Benchmark Gap = Observed Churn Rate − Benchmark Churn Rate` The Phase 8 default status tolerance is ±1.0 percentage point. This is a reporting convention, not a statistical significance test. ### Peer-city benchmark The peer-city benchmark is the median churn rate among cities meeting the Phase 8 minimum market-size requirement of 25 customers. ## Interpretation rules - Geographic patterns are descriptive and do not prove that geography causes churn. - Benchmark gaps are descriptive comparisons and are not predictive forecasts. - Priority scores depend on explicit business assumptions. - External benchmarks are used only when a directly comparable source, period, population, unit, and notes are available. - RAG answers should distinguish observed values from calculations, assumptions, and interpretations. - When the retrieved evidence is insufficient, the assistant should say",0.43602988,1,Q03
project_methodology:0:chunk_1,project_methodology:0,project_methodology,curated_project_reference,definitions,1,"GenAI / RAG Knowledge Layer ## Core definitions ### Churn rate `Churn Rate = Churned Customers / Total Customers × 100` ### Revenue at risk Revenue at risk is a **historical exposure proxy**. It is the sum of `total_revenue` associated with customers already recorded as churned. It is not a forecast of future lost revenue. ### Priority score `Priority Score = Revenue at Risk × Ease-of-Intervention Score` The ease-of-intervention score is a **subjective 1–5 business input**. The score is not inferred from churn, CLTV, or any other model output. ### Impact scenario `Estimated Recovered Revenue = Revenue at Risk × Recovery Rate` Default scenarios used in Phase 7 are 5%, 10%, 20%, and 30%. They are scenario assumptions, not predictions. ### Benchmark gap `Benchmark Gap = Observed Churn Rate − Benchmark Churn Rate` The Phase 8 default status tolerance is ±1.0 percentage point. This is a repor",0.32539576,2,Q03
project_methodology:0:chunk_0,project_methodology:0,project_methodology,curated_project_reference,definitions,0,"# RetainIQ — Project Knowledge Reference ## Project purpose RetainIQ is a telecom customer-retention analytics project. I move from customer-level data quality and warehouse modeling through churn analysis, segmentation, geographic analysis, retention strategy, and benchmark context. This reference is intended to give the GenAI/RAG layer stable definitions and interpretation rules. ## Phase map 1. Business Understanding & Data Quality Audit 2. Data Cleaning & Transformation 3. MySQL Data Modeling & Analytical Warehouse Design 4. EDA & Statistical Modeling 5. Customer Segmentation & Retention Profiling 6. Geospatial & Market-Level Retention Analysis 7. Retention Strategy & Business Intelligence Layer 8. Benchmarking & Performance Context 9. GenAI / RAG Knowledge Layer ## Core definitions ### Churn rate `Churn Rate = Churned Customers / Total Customers × 100` ### Revenue at risk Revenue at",0.14716995,3,Q03
vw_benchmark_reference:0:chunk_0,vw_benchmark_reference:0,vw_benchmark_reference,phase_08_benchmarking,benchmarking,0,Source: vw_benchmark_reference | Topic: benchmarking | benchmark_scope: peer_city | benchmark_name: Median qualifying-city churn | metric: churn_rate_pct | benchmark_value: 26.620000 | unit: % | source: Internal Phase 7 city base | population: 27 | notes: Median across cities with at least 25 customers.,0.110747255,4,Q03
vw_city_benchmark_management:14:chunk_0,vw_city_benchmark_management:14,vw_city_benchmark_management,phase_08_benchmarking,benchmarking,0,Source: vw_city_benchmark_management | Topic: benchmarking | state: California | city: Pasadena | customers: 30 | churn_rate_pct: 30.00 | revenue_at_risk: 26383.57 | churn_gap_to_portfolio_pp: 3.4630 | churn_gap_to_peer_city_pp: 3.3800 | revenue_at_risk_per_customer: 879.4523 | exposure_band: Q3 | benchmark_exposure_flag: Above peer benchmark,0.07080094,5,Q03
vw_retention_action_framework:2:chunk_0,vw_retention_action_framework:2,vw_retention_action_framework,phase_07_strategy,retention_strategy,0,"Source: vw_retention_action_framework | Topic: retention_strategy | segment_id: 2 | segment_name: Segment 2 — High-Value At-Risk | retention_profile: Protect High-Value | customers: 2260 | avg_cltv: 4972.51 | churn_rate_pct: 10.75 | revenue_at_risk: 1696896.61 | priority_score: 5090689.83 | action_theme: High-touch retention and service recovery | action_description: Prioritize personalized outreach, service recovery, and targeted save offers for valuable customers showing elevated churn exposure. | created_at: 2026-09-25 21:32:57",0.11396815,1,Q04
project_methodology:0:chunk_1,project_methodology:0,project_methodology,curated_project_reference,definitions,1,"GenAI / RAG Knowledge Layer ## Core definitions ### Churn rate `Churn Rate = Churned Customers / Total Customers × 100` ### Revenue at risk Revenue at risk is a **historical exposure proxy**. It is the sum of `total_revenue` associated with customers already recorded as churned. It is not a forecast of future lost revenue. ### Priority score `Priority Score = Revenue at Risk × Ease-of-Intervention Score` The ease-of-intervention score is a **subjective 1–5 business input**. The score is not inferred from churn, CLTV, or any other model output. ### Impact scenario `Estimated Recovered Revenue = Revenue at Risk × Recovery Rate` Default scenarios used in Phase 7 are 5%, 10%, 20%, and 30%. They are scenario assumptions, not predictions. ### Benchmark gap `Benchmark Gap = Observed Churn Rate − Benchmark Churn Rate` The Phase 8 default status tolerance is ±1.0 percentage point. This is a repor",0.11244482,2,Q04
project_methodology:0:chunk_0,project_methodology:0,project_methodology,curated_project_reference,definitions,0,"# RetainIQ — Project Knowledge Reference ## Project purpose RetainIQ is a telecom customer-retention analytics project. I move from customer-level data quality and warehouse modeling through churn analysis, segmentation, geographic analysis, retention strategy, and benchmark context. This reference is intended to give the GenAI/RAG layer stable definitions and interpretation rules. ## Phase map 1. Business Understanding & Data Quality Audit 2. Data Cleaning & Transformation 3. MySQL Data Modeling & Analytical Warehouse Design 4. EDA & Statistical Modeling 5. Customer Segmentation & Retention Profiling 6. Geospatial & Market-Level Retention Analysis 7. Retention Strategy & Business Intelligence Layer 8. Benchmarking & Performance Context 9. GenAI / RAG Knowledge Layer ## Core definitions ### Churn rate `Churn Rate = Churned Customers / Total Customers × 100` ### Revenue at risk Revenue at",0.07261423,3,Q04
vw_retention_strategy_priority:1:chunk_0,vw_retention_strategy_priority:1,vw_retention_strategy_priority,phase_07_strategy,retention_strategy,0,Source: vw_retention_strategy_priority | Topic: retention_strategy | priority_id: 2 | scope: segment | entity_name: Segment 2 — High-Value At-Risk | segment_name: Segment 2 — High-Value At-Risk | retention_profile: Protect High-Value | customers: 2260 | churn_rate_pct: 10.75 | avg_cltv: 4972.51 | revenue_at_risk: 1696896.61 | ease_of_intervention_score: 3.00 | priority_score: 5090689.83 | priority_basis: Revenue at Risk × Ease of Intervention | action_theme: High-touch retention and service recovery | created_at: 2026-09-25 21:32:47,0.06241388,4,Q04
vw_geographic_risk_grid:343:chunk_0,vw_geographic_risk_grid:343,vw_geographic_risk_grid,phase_06_geography,geography,0,Source: vw_geographic_risk_grid | Topic: geography | lat_grid: 33.9900 | lon_grid: -118.3300 | customers: 5 | churned_customers: 1 | churn_rate_pct: 20.00 | avg_cltv: 3282.20 | revenue: 9133.99 | revenue_at_risk: 1104.20,0.035189267,5,Q04
project_methodology:0:chunk_2,project_methodology:0,project_methodology,curated_project_reference,definitions,2,"chmark gap `Benchmark Gap = Observed Churn Rate − Benchmark Churn Rate` The Phase 8 default status tolerance is ±1.0 percentage point. This is a reporting convention, not a statistical significance test. ### Peer-city benchmark The peer-city benchmark is the median churn rate among cities meeting the Phase 8 minimum market-size requirement of 25 customers. ## Interpretation rules - Geographic patterns are descriptive and do not prove that geography causes churn. - Benchmark gaps are descriptive comparisons and are not predictive forecasts. - Priority scores depend on explicit business assumptions. - External benchmarks are used only when a directly comparable source, period, population, unit, and notes are available. - RAG answers should distinguish observed values from calculations, assumptions, and interpretations. - When the retrieved evidence is insufficient, the assistant should say",0.21324287,1,Q05
project_methodology:0:chunk_1,project_methodology:0,project_methodology,curated_project_reference,definitions,1,"GenAI / RAG Knowledge Layer ## Core definitions ### Churn rate `Churn Rate = Churned Customers / Total Customers × 100` ### Revenue at risk Revenue at risk is a **historical exposure proxy**. It is the sum of `total_revenue` associated with customers already recorded as churned. It is not a forecast of future lost revenue. ### Priority score `Priority Score = Revenue at Risk × Ease-of-Intervention Score` The ease-of-intervention score is a **subjective 1–5 business input**. The score is not inferred from churn, CLTV, or any other model output. ### Impact scenario `Estimated Recovered Revenue = Revenue at Risk × Recovery Rate` Default scenarios used in Phase 7 are 5%, 10%, 20%, and 30%. They are scenario assumptions, not predictions. ### Benchmark gap `Benchmark Gap = Observed Churn Rate − Benchmark Churn Rate` The Phase 8 default status tolerance is ±1.0 percentage point. This is a repor",0.14267923,2,Q05
project_methodology:0:chunk_0,project_methodology:0,project_methodology,curated_project_reference,definitions,0,"# RetainIQ — Project Knowledge Reference ## Project purpose RetainIQ is a telecom customer-retention analytics project. I move from customer-level data quality and warehouse modeling through churn analysis, segmentation, geographic analysis, retention strategy, and benchmark context. This reference is intended to give the GenAI/RAG layer stable definitions and interpretation rules. ## Phase map 1. Business Understanding & Data Quality Audit 2. Data Cleaning & Transformation 3. MySQL Data Modeling & Analytical Warehouse Design 4. EDA & Statistical Modeling 5. Customer Segmentation & Retention Profiling 6. Geospatial & Market-Level Retention Analysis 7. Retention Strategy & Business Intelligence Layer 8. Benchmarking & Performance Context 9. GenAI / RAG Knowledge Layer ## Core definitions ### Churn rate `Churn Rate = Churned Customers / Total Customers × 100` ### Revenue at risk Revenue at",0.11640792,3,Q05
vw_retention_action_framework:0:chunk_0,vw_retention_action_framework:0,vw_retention_action_framework,phase_07_strategy,retention_strategy,0,"Source: vw_retention_action_framework | Topic: retention_strategy | segment_id: 0 | segment_name: Segment 0 — Emerging Risk | retention_profile: Retention Priority | customers: 3226 | avg_cltv: 4013.45 | churn_rate_pct: 46.99 | revenue_at_risk: 1944581.19 | priority_score: 7778324.76 | action_theme: Proactive churn-prevention intervention | action_description: Use early intervention, value-alignment messaging, and targeted support before churn risk becomes a realized loss. | created_at: 2026-09-25 21:32:57",0.10846569,4,Q05
vw_benchmark_reference:0:chunk_0,vw_benchmark_reference:0,vw_benchmark_reference,phase_08_benchmarking,benchmarking,0,Source: vw_benchmark_reference | Topic: benchmarking | benchmark_scope: peer_city | benchmark_name: Median qualifying-city churn | metric: churn_rate_pct | benchmark_value: 26.620000 | unit: % | source: Internal Phase 7 city base | population: 27 | notes: Median across cities with at least 25 customers.,0.0686352,5,Q05
project_methodology:0:chunk_1,project_methodology:0,project_methodology,curated_project_reference,definitions,1,"GenAI / RAG Knowledge Layer ## Core definitions ### Churn rate `Churn Rate = Churned Customers / Total Customers × 100` ### Revenue at risk Revenue at risk is a **historical exposure proxy**. It is the sum of `total_revenue` associated with customers already recorded as churned. It is not a forecast of future lost revenue. ### Priority score `Priority Score = Revenue at Risk × Ease-of-Intervention Score` The ease-of-intervention score is a **subjective 1–5 business input**. The score is not inferred from churn, CLTV, or any other model output. ### Impact scenario `Estimated Recovered Revenue = Revenue at Risk × Recovery Rate` Default scenarios used in Phase 7 are 5%, 10%, 20%, and 30%. They are scenario assumptions, not predictions. ### Benchmark gap `Benchmark Gap = Observed Churn Rate − Benchmark Churn Rate` The Phase 8 default status tolerance is ±1.0 percentage point. This is a repor",0.38456863,1,Q06
vw_retention_strategy_priority:0:chunk_0,vw_retention_strategy_priority:0,vw_retention_strategy_priority,phase_07_strategy,retention_strategy,0,Source: vw_retention_strategy_priority | Topic: retention_strategy | priority_id: 1 | scope: segment | entity_name: Segment 0 — Emerging Risk | segment_name: Segment 0 — Emerging Risk | retention_profile: Retention Priority | customers: 3226 | churn_rate_pct: 46.99 | avg_cltv: 4013.45 | revenue_at_risk: 1944581.19 | ease_of_intervention_score: 4.00 | priority_score: 7778324.76 | priority_basis: Revenue at Risk × Ease of Intervention | action_theme: Proactive churn-prevention intervention | created_at: 2026-09-25 21:32:47,0.23788258,2,Q06
vw_retention_strategy_priority:2:chunk_0,vw_retention_strategy_priority:2,vw_retention_strategy_priority,phase_07_strategy,retention_strategy,0,Source: vw_retention_strategy_priority | Topic: retention_strategy | priority_id: 3 | scope: segment | entity_name: Segment 1 — High-Value Stable | segment_name: Segment 1 — High-Value Stable | retention_profile: Maintain Value | customers: 1557 | churn_rate_pct: 7.06 | avg_cltv: 4371.24 | revenue_at_risk: 42982.02 | ease_of_intervention_score: 5.00 | priority_score: 214910.10 | priority_basis: Revenue at Risk × Ease of Intervention | action_theme: Loyalty and relationship reinforcement | created_at: 2026-09-25 21:32:47,0.14233594,3,Q06
vw_retention_strategy_priority:1:chunk_0,vw_retention_strategy_priority:1,vw_retention_strategy_priority,phase_07_strategy,retention_strategy,0,Source: vw_retention_strategy_priority | Topic: retention_strategy | priority_id: 2 | scope: segment | entity_name: Segment 2 — High-Value At-Risk | segment_name: Segment 2 — High-Value At-Risk | retention_profile: Protect High-Value | customers: 2260 | churn_rate_pct: 10.75 | avg_cltv: 4972.51 | revenue_at_risk: 1696896.61 | ease_of_intervention_score: 3.00 | priority_score: 5090689.83 | priority_basis: Revenue at Risk × Ease of Intervention | action_theme: High-touch retention and service recovery | created_at: 2026-09-25 21:32:47,0.13224219,4,Q06
vw_retention_action_framework:0:chunk_0,vw_retention_action_framework:0,vw_retention_action_framework,phase_07_strategy,retention_strategy,0,"Source: vw_retention_action_framework | Topic: retention_strategy | segment_id: 0 | segment_name: Segment 0 — Emerging Risk | retention_profile: Retention Priority | customers: 3226 | avg_cltv: 4013.45 | churn_rate_pct: 46.99 | revenue_at_risk: 1944581.19 | priority_score: 7778324.76 | action_theme: Proactive churn-prevention intervention | action_description: Use early intervention, value-alignment messaging, and targeted support before churn risk becomes a realized loss. | created_at: 2026-09-25 21:32:57",0.1266841,5,Q06
