state,city,customers,churned_customers,avg_cltv,total_revenue,avg_monthly_charge,avg_satisfaction,churn_rate_pct,revenue_at_risk
California,Acampo,4,3,5254.5,18107.96,103.11,2.0,75.0,10471.36
California,Acton,4,0,4711.0,12156.36,69.53,4.25,0.0,0.0
California,Adelanto,5,1,4364.8,18235.49,56.56,3.6,20.0,4005.02
California,Adin,4,2,3990.5,5539.38,57.02,2.5,50.0,2457.91
California,Agoura Hills,5,2,4507.2,10641.88,48.99,2.8,40.0,9785.04
California,Aguanga,4,1,4501.0,10033.52,52.38,2.5,25.0,595.48
California,Ahwahnee,4,1,3666.0,9336.36,49.16,3.5,25.0,117.46
California,Alameda,8,0,4089.0,14092.66,22.47,4.62,0.0,0.0
California,Alamo,4,0,5193.75,30424.46,82.0,4.0,0.0,0.0
California,Albany,4,2,4286.5,15788.32,78.59,2.75,50.0,4402.92
California,Albion,4,0,3742.0,8536.12,72.58,4.0,0.0,0.0
California,Alderpoint,4,1,5122.5,15541.53,74.45,3.5,25.0,2024.3
California,Alhambra,9,3,3815.89,9292.61,55.78,3.44,33.33,812.97
California,Aliso Viejo,4,0,5056.25,26807.83,86.35,3.0,0.0,0.0
California,Alleghany,4,0,4193.5,4328.21,42.91,3.5,0.0,0.0
California,Alpaugh,4,3,4350.75,11860.65,69.99,2.0,75.0,9207.77
California,Alpine,5,3,4616.8,11379.36,64.98,2.6,60.0,781.86
California,Alta,4,0,4450.5,9490.16,50.49,3.75,0.0,0.0
California,Altadena,5,1,4095.2,9484.84,57.0,3.4,20.0,2290.92
California,Alturas,3,0,5261.33,1819.33,63.45,3.67,0.0,0.0
California,Alviso,4,1,3520.25,3979.35,74.36,3.0,25.0,777.75
California,Amador City,4,3,4683.25,3815.67,65.42,2.0,75.0,3098.14
California,Amboy,5,1,4147.2,14576.14,60.62,3.8,20.0,41.74
California,Anaheim,28,7,4069.68,66914.02,65.09,3.18,25.0,3592.34
California,Anderson,4,2,4403.0,5248.49,61.76,3.25,50.0,4254.25
California,Angels Camp,4,2,3764.25,6695.56,54.94,3.0,50.0,4834.15
California,Angelus Oaks,4,1,3559.25,744.72,43.25,3.5,25.0,97.72
California,Angwin,4,1,4607.0,16660.47,73.42,3.5,25.0,1448.8
California,Annapolis,4,1,5068.75,11454.97,68.08,3.5,25.0,2055.58
California,Antelope,4,2,5055.75,9686.59,73.86,2.25,50.0,1589.27
California,Antioch,4,2,4136.5,18918.43,83.6,3.25,50.0,6482.51
California,Anza,4,2,4765.5,12629.07,90.64,3.0,50.0,5383.3
California,Apple Valley,4,1,3766.0,14626.04,63.86,3.25,25.0,1683.22
California,Applegate,4,1,4793.25,16733.43,87.05,3.5,25.0,198.43
California,Aptos,4,1,3937.5,4765.89,27.9,3.75,25.0,2055.91
California,Arbuckle,4,1,5601.0,23179.52,60.25,3.5,25.0,9411.65
California,Arcadia,10,1,4040.5,20205.12,56.14,3.7,10.0,472.7
California,Arcata,4,0,4116.5,13039.75,63.66,3.75,0.0,0.0
California,Armona,4,2,4233.0,1627.45,58.58,3.25,50.0,1480.43
California,Arnold,4,1,4371.0,1215.61,27.22,3.5,25.0,74.15
California,Aromas,4,1,4998.0,17339.16,77.69,3.5,25.0,663.55
California,Arroyo Grande,4,0,4220.0,5087.28,50.09,3.25,0.0,0.0
California,Artesia,5,0,4982.4,29776.98,83.68,3.8,0.0,0.0
California,Arvin,4,0,5062.75,13650.62,40.86,3.75,0.0,0.0
California,Atascadero,4,0,4313.75,10912.99,63.49,4.25,0.0,0.0
California,Atherton,4,2,4339.25,11851.42,53.52,3.0,50.0,4494.17
California,Atwater,4,2,5017.25,4547.89,63.29,2.5,50.0,904.47
California,Auberry,4,0,3886.75,3845.47,54.8,3.5,0.0,0.0
California,Auburn,8,2,4666.12,28342.07,62.37,3.38,25.0,5357.08
California,Avalon,5,2,3629.4,2120.58,55.56,2.4,40.0,1587.36
California,Avenal,4,3,4104.5,14107.16,66.71,2.0,75.0,7165.42
California,Avery,4,1,3874.25,4572.69,32.26,3.25,25.0,259.8
California,Avila Beach,4,0,4653.0,12089.31,84.86,3.75,0.0,0.0
California,Azusa,5,1,5277.4,27059.79,69.58,2.8,20.0,5716.42
California,Badger,4,1,4092.0,9742.38,43.55,3.0,25.0,67.86
California,Baker,4,1,3517.5,3305.82,37.99,3.0,25.0,137.85
California,Bakersfield,39,2,4609.41,122554.11,58.44,3.74,5.13,137.56
California,Baldwin Park,5,0,4218.6,34994.71,95.47,3.6,0.0,0.0
California,Ballico,4,1,3364.0,8113.7,53.49,3.0,25.0,679.97
California,Bangor,4,2,3078.25,9496.26,77.09,3.0,50.0,6393.82
California,Banning,5,1,3817.2,17745.5,70.76,3.0,20.0,2152.53
California,Barstow,3,0,5464.67,22667.44,86.22,3.33,0.0,0.0
California,Bass Lake,4,1,5218.5,12151.21,58.95,3.25,25.0,86.24
California,Bayside,4,2,4099.25,13939.44,83.18,3.25,50.0,4473.34
California,Beale Afb,4,1,3762.0,11924.22,62.99,3.5,25.0,856.35
California,Beaumont,5,1,3841.8,24682.58,78.7,3.4,20.0,4041.42
California,Bell,5,0,4357.8,19280.24,61.14,3.8,0.0,0.0
California,Bella Vista,4,1,4368.0,3734.81,49.81,3.0,25.0,719.1
California,Bellflower,5,2,4850.2,13276.02,37.87,3.6,40.0,5256.39
California,Belmont,4,1,4765.75,14760.7,63.54,3.0,25.0,3027.4
California,Belvedere Tiburon,4,0,3832.0,9820.58,37.22,4.0,0.0,0.0
California,Ben Lomond,4,1,4549.25,16050.69,52.71,3.5,25.0,10507.21
California,Benicia,4,0,4700.0,9359.6,62.75,3.75,0.0,0.0
California,Benton,4,1,4872.75,16619.22,93.98,4.0,25.0,102.61
California,Berkeley,32,9,4527.31,81479.6,66.71,3.22,28.12,8517.45
California,Berry Creek,4,0,4721.0,20045.67,61.72,4.0,0.0,0.0
California,Bethel Island,4,0,4366.0,16808.56,77.11,3.75,0.0,0.0
California,Beverly Hills,15,1,4669.67,37148.16,61.24,3.87,6.67,1102.14
California,Bieber,4,1,5613.25,22505.13,82.82,4.0,25.0,2219.51
California,Big Bar,4,0,4931.75,19823.13,70.54,4.0,0.0,0.0
California,Big Bear City,3,1,4361.0,2311.86,41.52,2.67,33.33,323.81
California,Big Bear Lake,4,0,4089.75,16266.43,72.03,3.5,0.0,0.0
California,Big Bend,4,2,4484.75,13829.0,65.94,3.5,50.0,7266.82
California,Big Creek,4,1,4282.25,9721.47,56.71,2.5,25.0,786.49
California,Big Oak Flat,4,2,4665.75,8999.82,70.59,2.25,50.0,3111.43
California,Big Pine,4,1,5343.25,28103.55,87.3,2.5,25.0,10718.96
California,Biggs,4,0,4474.0,10340.26,52.25,4.0,0.0,0.0
California,Biola,4,3,3480.25,8361.88,86.52,1.75,75.0,7812.1
California,Birds Landing,4,1,3474.0,13476.62,81.04,3.25,25.0,4244.85
California,Bishop,4,0,4491.25,13559.13,62.0,3.75,0.0,0.0
California,Blairsden Graeagle,4,1,3398.0,5383.32,32.39,3.5,25.0,2300.76
California,Blocksburg,4,0,3682.75,7273.66,53.85,3.5,0.0,0.0
California,Bloomington,3,1,5275.67,7609.51,73.53,3.0,33.33,753.35
California,Blue Lake,4,2,4959.0,9658.38,65.92,3.0,50.0,8834.93
California,Blythe,4,0,3791.5,7148.88,51.05,4.0,0.0,0.0
California,Bodega,4,0,4272.75,8624.99,44.08,3.5,0.0,0.0
California,Bodega Bay,4,1,4576.5,19545.44,90.08,3.25,25.0,2519.91
California,Bodfish,4,3,3956.0,4749.64,68.47,2.0,75.0,2228.04
California,Bolinas,4,1,4421.0,5669.28,32.98,3.0,25.0,53.89
California,Bonita,4,1,3860.75,12247.85,56.32,3.5,25.0,665.67
California,Bonsall,4,1,3788.75,6664.66,64.3,3.25,25.0,810.7
California,Boonville,4,0,4417.0,22599.0,84.79,4.0,0.0,0.0
California,Boron,4,1,3159.25,5856.16,59.85,3.5,25.0,1272.95
California,Borrego Springs,3,0,3535.33,6387.59,61.17,5.0,0.0,0.0
California,Boulder Creek,4,4,3688.5,15807.02,95.0,1.75,100.0,15807.02
California,Boulevard,3,0,3007.67,5002.44,53.33,4.0,0.0,0.0
California,Bradley,4,2,4079.75,5627.64,47.28,2.25,50.0,838.44
California,Branscomb,4,2,4288.25,2185.18,51.25,2.75,50.0,1340.46
California,Brawley,5,1,4019.0,24456.55,84.78,3.2,20.0,9310.25
California,Brea,8,4,4055.5,11869.45,56.2,2.88,50.0,9218.23
California,Brentwood,4,0,4491.0,14316.4,73.22,4.0,0.0,0.0
California,Bridgeport,4,0,4167.5,10441.27,56.12,3.25,0.0,0.0
California,Bridgeville,4,3,4159.5,9207.82,58.19,2.5,75.0,8783.61
California,Brisbane,4,1,4489.0,10516.04,50.21,3.0,25.0,22.54
California,Brookdale,4,0,4452.5,12064.25,63.71,4.5,0.0,0.0
California,Brooks,4,1,3794.75,6617.18,74.06,3.75,25.0,121.5
California,Browns Valley,4,1,4548.75,11758.73,55.42,3.25,25.0,2181.56
California,Brownsville,4,1,3914.5,11528.73,73.53,4.0,25.0,85.48
California,Buellton,4,2,4821.25,12051.54,75.14,2.75,50.0,2052.02
California,Buena Park,10,4,4465.0,25858.24,64.61,3.0,40.0,7723.22
California,Burbank,25,6,4529.0,79276.93,72.84,3.32,24.0,14443.55
California,Burlingame,4,2,3438.25,3355.21,70.55,3.25,50.0,1892.41
California,Burney,4,2,3849.25,12881.3,72.44,2.25,50.0,7608.42
California,Burnt Ranch,4,1,4519.75,9828.44,51.39,3.0,25.0,87.47
California,Burson,4,0,4000.25,12179.73,63.32,3.75,0.0,0.0
California,Butte City,4,1,4506.0,15060.28,82.72,2.75,25.0,5535.07
California,Buttonwillow,4,2,4872.0,8123.01,66.41,2.75,50.0,1072.98
California,Byron,4,3,4720.75,14545.74,79.95,2.25,75.0,4759.11
California,Cabazon,5,1,4431.0,18472.41,81.14,2.8,20.0,106.85
California,Calabasas,5,0,4453.0,14108.78,44.45,4.6,0.0,0.0
California,Calexico,5,1,4777.6,4624.68,34.83,3.4,20.0,312.44
California,Caliente,4,1,4307.25,4462.65,52.09,3.0,25.0,84.75
California,California City,4,0,4732.75,14232.84,73.68,3.5,0.0,0.0
California,California Hot Springs,4,1,4177.25,7404.4,57.32,3.25,25.0,777.44
California,Calimesa,4,1,4632.25,7518.24,55.75,3.25,25.0,90.6
California,Calipatria,5,1,4831.8,25101.07,76.85,4.0,20.0,269.81
California,Calistoga,4,1,4187.5,14227.05,77.53,3.75,25.0,1525.31
California,Callahan,4,1,5484.5,18071.57,69.92,3.25,25.0,90.6
California,Calpine,4,0,4618.5,15230.1,53.79,4.25,0.0,0.0
California,Camarillo,8,4,3877.0,29101.36,91.88,2.62,50.0,4727.33
California,Cambria,4,0,5052.25,23745.43,78.04,3.75,0.0,0.0
California,Camino,4,1,4484.75,7429.23,50.62,4.25,25.0,303.81
California,Camp Nelson,4,2,5227.25,10708.2,75.86,2.0,50.0,8016.72
California,Campbell,4,1,5287.5,25177.85,92.16,2.5,25.0,10717.17
California,Campo,4,2,3630.5,3609.48,56.58,2.75,50.0,191.21
California,Campo Seco,4,1,3964.75,15129.82,66.3,3.0,25.0,5512.9
California,Camptonville,4,1,4493.75,20829.8,81.18,3.25,25.0,1354.72
California,Canby,4,1,3882.0,3137.84,66.76,4.0,25.0,1582.68
California,Canoga Park,10,3,3438.5,26132.86,71.68,3.5,30.0,1819.86
California,Cantua Creek,4,1,5160.5,15527.67,80.76,2.75,25.0,1004.74
California,Canyon Country,5,2,5343.8,14256.25,52.97,3.0,40.0,127.95
California,Canyon Dam,4,2,5150.25,9703.67,83.06,3.0,50.0,3148.2
California,Capay,4,0,4651.75,9011.97,22.84,4.5,0.0,0.0
California,Capistrano Beach,4,1,4669.0,20895.37,89.95,3.0,25.0,926.88
California,Capitola,4,1,3875.25,7711.76,57.66,3.0,25.0,222.72
California,Cardiff By The Sea,4,0,4714.0,22786.5,83.96,3.75,0.0,0.0
California,Carlotta,4,0,4257.25,10103.16,51.19,3.5,0.0,0.0
California,Carlsbad,8,2,4308.38,16286.59,44.56,3.25,25.0,127.93
California,Carmel,4,1,4360.5,11688.05,59.45,3.0,25.0,52.08
California,Carmel By The Sea,4,1,5148.75,20592.39,85.64,3.5,25.0,89.84
California,Carmel Valley,4,1,5273.0,13902.37,62.39,2.5,25.0,96.05
California,Carmichael,4,2,4409.75,6323.78,63.05,3.25,50.0,3093.3
California,Carnelian Bay,4,2,4351.0,18420.37,90.75,2.25,50.0,5341.6
California,Carpinteria,4,1,5570.0,18201.09,83.96,3.5,25.0,799.2
California,Carson,10,2,4341.5,20434.44,64.12,3.3,20.0,1406.62
California,Caruthers,4,0,3687.5,5717.95,42.46,3.75,0.0,0.0
California,Casmalia,4,1,3753.0,13002.62,56.28,2.75,25.0,55.07
California,Caspar,4,2,4558.0,24514.02,87.8,2.0,50.0,4792.05
California,Cassel,4,1,4994.0,22477.22,77.69,3.25,25.0,5647.3
California,Castaic,5,2,4376.4,23144.06,58.83,3.0,40.0,10677.7
California,Castella,4,2,4342.0,13902.27,71.58,3.0,50.0,8667.8
California,Castro Valley,8,1,4318.88,26944.11,68.35,3.25,12.5,165.99
California,Castroville,4,0,3793.0,14422.3,70.97,4.0,0.0,0.0
California,Cathedral City,5,0,3864.6,27788.54,75.62,3.6,0.0,0.0
California,Catheys Valley,4,1,3807.0,18083.55,83.0,3.25,25.0,1378.7
California,Cayucos,4,0,4908.75,13103.24,57.9,4.25,0.0,0.0
California,Cazadero,4,0,3954.25,14904.73,95.29,3.5,0.0,0.0
California,Cedar Glen,4,1,4455.0,5266.08,55.75,3.5,25.0,83.08
California,Cedarville,4,0,4906.0,8686.55,29.94,4.0,0.0,0.0
California,Ceres,4,0,3577.5,8252.79,52.79,4.25,0.0,0.0
California,Cerritos,5,1,3946.0,6270.77,49.47,4.4,20.0,2073.45
California,Challenge,4,2,4718.25,9631.31,58.94,2.5,50.0,259.56
California,Chatsworth,5,1,3784.6,10464.65,44.5,2.6,20.0,4660.6
California,Chester,4,0,4637.75,13032.8,50.04,3.0,0.0,0.0
California,Chico,12,3,4507.0,34124.5,59.95,3.33,25.0,11065.96
California,Chilcoot,4,0,5157.25,9309.2,33.56,4.25,0.0,0.0
California,Chino,5,2,4486.8,17614.75,64.96,3.0,40.0,10255.81
California,Chino Hills,5,0,5488.2,24937.87,78.16,3.8,0.0,0.0
California,Chowchilla,4,0,4077.5,8041.56,43.48,3.5,0.0,0.0
California,Chualar,4,1,4477.0,16067.84,76.75,3.0,25.0,886.12
California,Chula Vista,22,2,4929.55,75691.71,67.71,3.73,9.09,6537.55
California,Citrus Heights,8,1,4604.38,38823.8,65.16,3.0,12.5,3295.68
California,Claremont,5,2,4315.4,17983.08,74.25,3.8,40.0,4429.87
California,Clarksburg,4,2,4115.5,9870.53,55.03,3.25,50.0,8429.91
California,Clayton,4,1,4791.0,8286.65,50.46,3.25,25.0,31.45
California,Clearlake,4,2,3355.0,7173.51,54.12,2.25,50.0,5751.56
California,Clearlake Oaks,4,2,4325.5,10112.25,59.74,2.5,50.0,2550.25
California,Clements,4,1,5072.5,13190.15,69.91,3.0,25.0,120.48
California,Clio,4,0,4835.0,15181.61,51.28,3.5,0.0,0.0
California,Clipper Mills,4,1,4208.5,8862.86,85.69,3.0,25.0,206.17
California,Cloverdale,4,1,4642.0,6548.58,59.56,3.25,25.0,667.62
California,Clovis,8,2,4369.12,17197.67,68.88,3.62,25.0,2136.57
California,Coachella,4,0,4873.0,10923.14,68.36,4.25,0.0,0.0
California,Coalinga,4,2,3744.25,13894.53,75.34,3.5,50.0,6355.14
California,Coarsegold,4,0,5027.75,18716.17,85.39,4.25,0.0,0.0
California,Cobb,4,1,4784.25,12602.83,69.4,3.25,25.0,3128.84
California,Coleville,4,0,4906.25,14093.25,58.8,3.75,0.0,0.0
California,Colfax,4,1,3741.75,3294.04,28.69,3.75,25.0,78.7
California,Colton,4,1,4425.75,12800.22,62.25,3.25,25.0,44.92
California,Columbia,4,2,5184.25,15371.2,66.69,2.0,50.0,2331.61
California,Colusa,4,1,5517.5,14132.69,49.96,3.5,25.0,29.46
California,Comptche,4,3,4205.75,2844.97,56.45,2.5,75.0,2672.89
California,Compton,15,2,4656.93,43142.78,63.75,3.6,13.33,585.63
California,Concord,16,6,4460.44,38249.49,63.46,3.19,37.5,10526.07
California,Cool,4,1,3532.5,15309.33,80.32,2.5,25.0,272.56
California,Copperopolis,4,0,4396.0,13347.01,74.72,4.25,0.0,0.0
California,Corcoran,4,1,4574.0,15757.08,63.22,3.25,25.0,55.14
California,Corning,4,1,4662.25,21776.05,71.22,3.25,25.0,7364.52
California,Corona,20,2,4413.75,67974.23,66.47,3.4,10.0,8068.82
California,Corona Del Mar,4,3,3673.5,7462.65,79.15,3.0,75.0,1675.95
California,Coronado,5,2,4367.0,19072.23,73.58,3.4,40.0,7669.95
California,Corte Madera,4,1,4253.5,11567.02,73.11,3.0,25.0,97.81
California,Costa Mesa,8,3,5035.0,29269.45,64.35,2.75,37.5,6424.8
California,Cotati,4,2,5285.0,8844.94,46.35,2.75,50.0,135.88
California,Cottonwood,4,1,3485.0,6938.76,65.92,3.25,25.0,108.93
California,Coulterville,4,0,5207.5,19426.18,61.76,3.5,0.0,0.0
California,Courtland,4,0,3457.75,7405.47,61.15,3.75,0.0,0.0
California,Covelo,4,1,4216.5,10537.43,81.6,3.25,25.0,1946.35
California,Covina,15,3,4506.47,45074.5,62.03,3.33,20.0,1672.17
California,Crescent Mills,4,1,4396.25,11070.46,48.04,3.25,25.0,3027.85
California,Cressey,4,0,4353.5,13732.49,50.4,3.25,0.0,0.0
California,Crestline,4,2,3794.0,9947.22,78.56,2.5,50.0,7285.58
California,Creston,4,0,4973.0,10783.21,48.86,3.5,0.0,0.0
California,Crockett,4,2,4379.0,6291.84,58.14,2.75,50.0,1386.99
California,Crows Landing,4,1,4902.75,12500.74,70.18,2.75,25.0,3351.2
California,Culver City,10,3,3565.1,8622.76,52.96,3.2,30.0,1125.39
California,Cupertino,4,2,5098.0,13448.98,54.44,2.75,50.0,12440.36
California,Cutler,4,1,3208.25,9686.29,77.26,3.75,25.0,4406.81
California,Cypress,5,0,5063.2,14640.78,40.65,3.8,0.0,0.0
California,Daggett,4,1,4066.25,2206.64,64.96,2.75,25.0,99.33
California,Daly City,8,5,4120.75,18755.84,67.31,2.25,62.5,8003.27
California,Dana Point,4,2,4410.0,694.86,47.62,2.75,50.0,182.21
California,Danville,8,1,4334.12,38706.66,76.61,3.75,12.5,1055.4
California,Darwin,4,0,5468.25,17579.26,64.18,3.5,0.0,0.0
California,Davenport,4,2,3728.25,7358.94,52.66,2.5,50.0,1267.81
California,Davis,8,4,3649.5,15047.23,65.04,2.62,50.0,3198.3
California,Davis Creek,3,0,4542.67,6988.01,83.58,4.0,0.0,0.0
California,Death Valley,4,0,5389.0,17878.66,74.89,3.75,0.0,0.0
California,Deer Park,4,2,5359.25,10961.06,53.9,2.25,50.0,4053.0
California,Del Mar,3,1,5244.0,23665.85,90.97,3.0,33.33,6085.89
California,Del Rey,4,0,4674.25,21204.34,85.18,4.0,0.0,0.0
California,Delano,4,2,4412.75,15946.43,92.9,2.75,50.0,5599.27
California,Delhi,4,3,4758.25,12176.13,59.68,2.5,75.0,7683.8
California,Denair,4,1,4883.5,17651.35,61.72,3.25,25.0,2628.34
California,Descanso,5,0,4177.2,17849.42,68.58,4.0,0.0,0.0
California,Desert Center,5,2,4668.2,15707.7,83.97,2.4,40.0,3737.87
California,Desert Hot Springs,9,2,3781.78,26096.03,62.89,3.22,22.22,7301.75
California,Diamond Bar,5,0,4026.0,13386.47,62.7,3.4,0.0,0.0
California,Diamond Springs,4,2,4957.75,6316.49,66.19,2.5,50.0,601.92
California,Dillon Beach,4,0,3795.5,11719.2,65.04,3.75,0.0,0.0
California,Dinuba,4,3,3858.5,3636.37,56.34,2.25,75.0,3337.67
California,Dixon,4,1,3544.75,6125.29,49.91,3.0,25.0,290.03
California,Dobbins,4,2,5758.75,18103.59,76.64,2.75,50.0,11180.95
California,Dorris,4,1,4034.25,7134.09,69.92,3.25,25.0,110.0
California,Dos Palos,4,0,4807.25,2522.35,47.2,3.25,0.0,0.0
California,Dos Rios,4,0,4748.0,5775.61,41.39,3.5,0.0,0.0
California,Douglas City,4,2,5533.5,12683.16,74.26,2.0,50.0,2028.1
California,Downey,15,3,4099.33,43137.33,59.99,3.67,20.0,7325.68
California,Downieville,4,1,4207.5,10063.9,72.44,3.25,25.0,429.96
California,Doyle,4,1,4895.5,14111.27,72.91,3.0,25.0,1800.55
California,Duarte,5,2,4029.8,5059.14,34.31,3.0,40.0,4695.06
California,Dublin,4,2,3675.0,9785.04,67.34,2.5,50.0,1408.43
California,Ducor,4,1,4873.25,4725.67,73.71,2.75,25.0,507.56
California,Dulzura,4,0,3993.75,17888.52,68.54,4.0,0.0,0.0
California,Duncans Mills,4,0,3639.25,14676.4,45.05,3.25,0.0,0.0
California,Dunlap,4,1,4497.25,8735.72,58.09,3.25,25.0,1950.84
California,Dunnigan,4,2,3610.25,5796.11,53.42,3.25,50.0,1025.24
California,Dunsmuir,4,1,4638.75,3982.12,21.56,2.75,25.0,712.85
California,Durham,4,0,3954.0,17106.6,83.99,3.25,0.0,0.0
California,Dutch Flat,4,2,2750.5,5593.21,72.15,3.25,50.0,948.11
California,Eagleville,4,2,4749.25,238.57,41.7,3.25,50.0,127.26
California,Earlimart,4,1,4211.0,13516.69,77.7,2.75,25.0,301.08
California,Earp,5,0,4572.2,13674.94,43.61,3.8,0.0,0.0
California,Echo Lake,4,1,3734.0,14937.95,77.34,3.25,25.0,364.74
California,Edwards,4,1,4058.75,6411.41,73.62,3.0,25.0,155.35
California,El Cajon,12,0,4197.25,44513.91,60.22,4.0,0.0,0.0
California,El Centro,5,1,3844.6,15315.31,61.41,3.4,20.0,327.71
California,El Cerrito,4,0,4347.25,18933.22,81.86,3.25,0.0,0.0
California,El Dorado,4,1,4180.5,9703.83,66.62,3.25,25.0,274.03
California,El Dorado Hills,4,0,4069.0,8252.89,58.58,4.0,0.0,0.0
California,El Monte,10,6,4652.5,27273.35,71.51,2.5,60.0,13957.2
California,El Nido,4,0,5123.25,14765.8,40.86,4.5,0.0,0.0
California,El Portal,4,0,3614.75,13595.58,74.42,3.25,0.0,0.0
California,El Segundo,5,1,4708.6,17980.22,77.16,3.0,20.0,684.93
California,El Sobrante,4,1,3768.75,12651.35,75.45,3.75,25.0,1790.57
California,Eldridge,2,2,4059.0,1405.04,76.78,1.5,100.0,1405.04
California,Elk,4,1,5019.5,11098.61,58.85,4.0,25.0,66.77
California,Elk Creek,4,1,4659.0,7433.72,69.36,3.25,25.0,115.85
California,Elk Grove,8,4,4609.38,29889.65,60.51,2.75,50.0,14851.08
California,Elmira,4,2,4612.0,5804.91,56.19,2.75,50.0,1528.28
California,Elverta,4,2,3836.0,16174.32,85.88,2.75,50.0,4645.52
California,Emeryville,4,2,4165.0,12132.85,43.92,2.75,50.0,1046.61
California,Emigrant Gap,4,1,4569.75,17453.68,62.06,2.5,25.0,4575.25
California,Encinitas,4,1,3394.75,8388.25,71.21,3.25,25.0,261.81
California,Encino,10,1,4807.6,24094.67,54.87,3.8,10.0,36.41
California,Escalon,4,0,4124.0,5048.63,47.58,4.25,0.0,0.0
California,Escondido,51,16,4388.86,155899.8,67.88,3.02,31.37,38869.89
California,Esparto,4,0,4413.0,8979.58,59.58,3.5,0.0,0.0
California,Essex,4,0,4907.75,17964.06,87.28,3.75,0.0,0.0
California,Etna,4,1,3615.5,16451.37,71.79,2.5,25.0,83.35
California,Eureka,8,2,4180.62,17014.34,56.42,3.25,25.0,1351.62
California,Exeter,4,3,4335.0,3768.42,56.02,2.25,75.0,2416.02
California,Fair Oaks,4,2,4475.5,8639.77,68.88,2.75,50.0,5860.3
California,Fairfax,4,0,5559.0,16766.59,55.14,3.75,0.0,0.0
California,Fairfield,4,2,3249.75,11533.14,55.18,3.25,50.0,10243.43
California,Fall River Mills,4,1,4370.0,2427.89,53.5,3.0,25.0,105.02
California,Fallbrook,43,26,4531.28,93409.28,69.83,2.72,60.47,34691.78
California,Farmersville,4,1,5047.5,14956.86,76.31,4.0,25.0,3020.12
California,Farmington,4,0,3832.5,12285.18,76.03,4.5,0.0,0.0
California,Fawnskin,4,1,4609.5,18089.54,84.41,3.25,25.0,4870.52
California,Fellows,4,3,4842.5,2626.72,59.71,2.5,75.0,2322.59
California,Felton,4,1,4178.0,9146.72,49.8,2.75,25.0,96.75
California,Ferndale,4,1,2861.5,7580.59,62.71,3.25,25.0,4851.93
California,Fiddletown,4,0,4305.5,5765.9,33.54,4.0,0.0,0.0
California,Fields Landing,4,1,5600.25,11386.72,75.05,3.0,25.0,381.56
California,Fillmore,4,0,3994.75,14475.85,51.76,3.5,0.0,0.0
California,Firebaugh,4,0,3702.0,2658.89,41.06,3.75,0.0,0.0
California,Fish Camp,4,0,4030.75,13453.57,48.56,4.0,0.0,0.0
California,Five Points,4,2,4342.0,20658.74,97.54,2.5,50.0,10645.84
California,Flournoy,4,1,4914.25,7339.89,55.65,3.25,25.0,103.67
California,Folsom,4,2,4050.5,17779.99,90.04,3.0,50.0,6143.72
California,Fontana,12,3,4125.42,30174.46,58.07,3.42,25.0,1351.79
California,Foothill Ranch,4,2,5150.5,12304.66,73.19,2.75,50.0,2370.33
California,Forbestown,4,1,5152.0,16849.18,81.04,3.25,25.0,5292.64
California,Forest Falls,4,0,5343.0,16564.8,58.1,4.25,0.0,0.0
California,Forest Knolls,4,1,3849.5,5238.43,34.55,3.5,25.0,526.95
California,Forest Ranch,4,1,2668.25,8028.25,59.31,3.75,25.0,1842.35
California,Foresthill,4,0,4890.5,13278.05,56.36,3.5,0.0,0.0
California,Forestville,4,0,5127.0,15700.25,73.08,3.5,0.0,0.0
California,Forks Of Salmon,4,0,5075.0,18910.88,85.45,4.25,0.0,0.0
California,Fort Bidwell,3,1,5563.0,18286.51,83.23,3.0,33.33,3122.87
California,Fort Bragg,4,0,4466.5,17973.9,68.7,4.25,0.0,0.0
California,Fort Irwin,4,0,4951.0,7463.49,46.91,3.75,0.0,0.0
California,Fortuna,4,0,4920.0,14433.73,71.79,3.75,0.0,0.0
California,Fountain Valley,4,0,4940.0,22890.3,88.41,3.75,0.0,0.0
California,Fowler,4,1,5248.5,10469.19,54.81,3.25,25.0,1443.54
California,Frazier Park,8,1,4497.75,26498.52,75.36,3.0,12.5,709.84
California,Freedom,4,1,4617.0,13753.41,74.82,2.75,25.0,1465.16
California,Fremont,16,7,4379.06,46102.46,70.99,2.81,43.75,4031.61
California,French Camp,4,1,4981.5,15892.35,88.28,3.0,25.0,1846.9
California,French Gulch,4,0,4157.75,8796.77,51.91,4.0,0.0,0.0
California,Fresno,61,13,4362.62,194430.25,63.63,3.48,21.31,29607.42
California,Friant,4,1,4298.25,12788.67,76.34,2.75,25.0,1313.55
California,Fullerton,16,2,4846.75,69197.97,69.6,3.44,12.5,19553.35
California,Fulton,4,2,5339.0,16971.09,71.11,2.25,50.0,7794.14
California,Galt,4,1,4834.75,9309.49,62.6,3.25,25.0,1423.7
California,Garberville,4,1,4426.0,9081.09,63.5,3.0,25.0,167.39
California,Garden Grove,20,4,4533.6,79171.46,66.31,3.65,20.0,4081.76
California,Garden Valley,4,2,4221.75,9565.86,88.41,3.0,50.0,1766.95
California,Gardena,15,1,4104.4,39503.21,66.51,3.6,6.67,99.99
California,Gasquet,4,1,5155.5,12943.86,76.91,3.25,25.0,330.77
California,Gazelle,4,0,4333.75,20995.0,63.35,3.5,0.0,0.0
California,Georgetown,4,0,4379.0,11433.34,41.81,4.0,0.0,0.0
California,Gerber,4,0,4035.5,9121.74,53.4,3.75,0.0,0.0
California,Geyserville,4,0,5770.0,13137.98,69.64,4.0,0.0,0.0
California,Gilroy,4,1,4236.0,9509.06,60.61,3.0,25.0,1091.26
California,Glen Ellen,4,1,4544.25,11094.77,45.79,3.0,25.0,1161.5
California,Glencoe,4,2,4686.25,11869.8,69.88,2.25,50.0,315.9
California,Glendale,40,13,4355.95,90777.55,58.42,3.12,32.5,10622.55
California,Glendora,10,2,3958.0,25692.25,61.63,3.6,20.0,2794.71
California,Glenhaven,4,0,3843.5,10303.27,57.99,3.75,0.0,0.0
California,Glenn,4,0,5058.75,15865.8,76.34,3.5,0.0,0.0
California,Glennville,4,0,4590.75,20735.32,78.4,3.5,0.0,0.0
California,Gold Run,4,0,3710.75,15253.72,57.72,4.25,0.0,0.0
California,Goleta,4,0,4530.0,18294.11,68.53,4.0,0.0,0.0
California,Gonzales,4,0,4727.0,15542.18,61.01,3.5,0.0,0.0
California,Goodyears Bar,4,0,5203.75,20068.22,81.25,3.5,0.0,0.0
California,Granada Hills,5,1,4348.0,13764.41,63.47,3.8,20.0,1930.35
California,Grand Terrace,4,0,3920.5,18227.95,82.74,3.5,0.0,0.0
California,Granite Bay,4,1,3875.75,5774.39,39.25,3.75,25.0,25.1
California,Grass Valley,8,2,4026.5,12088.82,46.08,3.0,25.0,552.96
California,Graton,4,1,4908.25,10630.16,66.14,3.75,25.0,569.55
California,Green Valley Lake,3,1,4438.33,8555.42,95.62,3.33,33.33,949.73
California,Greenbrae,4,1,4909.0,12099.94,60.19,3.5,25.0,1424.44
California,Greenfield,4,1,4300.75,11803.16,61.24,3.5,25.0,51.54
California,Greenview,4,1,4699.0,14507.79,92.2,3.0,25.0,1286.7
California,Greenville,4,0,4930.25,13204.03,66.9,4.0,0.0,0.0
California,Greenwood,4,2,4276.0,11928.02,69.22,2.75,50.0,802.65
California,Grenada,4,0,4075.75,4720.36,28.96,4.5,0.0,0.0
California,Gridley,4,1,3830.0,15373.03,67.82,4.0,25.0,6286.63
California,Grimes,4,3,3854.0,6705.72,72.29,2.25,75.0,2911.22
California,Grizzly Flats,4,3,4493.0,19998.69,80.12,2.25,75.0,10695.86
California,Groveland,4,1,4287.75,8100.68,84.22,3.75,25.0,3560.05
California,Grover Beach,4,0,4407.25,7854.36,38.83,3.5,0.0,0.0
California,Guadalupe,4,1,4736.75,14587.91,56.39,2.75,25.0,350.94
California,Gualala,4,1,4453.75,27176.84,96.4,3.25,25.0,7787.94
California,Guatay,4,2,3481.0,8815.6,60.59,3.0,50.0,4660.07
California,Guerneville,4,1,5513.75,22827.25,84.42,3.25,25.0,1002.08
California,Guinda,4,2,4796.75,17416.15,84.66,3.25,50.0,3008.72
California,Gustine,4,1,3995.75,8265.36,64.55,3.25,25.0,116.27
California,Hacienda Heights,5,1,5044.0,14649.86,56.34,3.6,20.0,247.05
California,Half Moon Bay,4,1,5249.25,20516.91,92.21,2.5,25.0,3471.17
California,Hamilton City,4,1,5053.75,8406.95,57.4,3.25,25.0,253.88
California,Hanford,4,0,3942.25,16959.71,67.24,3.75,0.0,0.0
California,Happy Camp,4,2,4202.5,12118.15,62.45,2.75,50.0,10607.62
California,Harbor City,5,2,3967.8,14753.57,66.87,3.2,40.0,1404.03
California,Hat Creek,4,2,4907.0,7962.34,55.65,2.25,50.0,7840.23
California,Hathaway Pines,4,2,4279.75,17251.19,88.68,2.5,50.0,9293.78
California,Hawaiian Gardens,5,1,5151.6,20715.68,55.53,3.4,20.0,7699.72
California,Hawthorne,5,1,4376.6,18670.29,59.96,3.6,20.0,81.9
California,Hayward,16,5,4612.19,53069.97,62.02,3.19,31.25,9728.16
California,Healdsburg,4,1,4730.25,18002.0,62.12,3.75,25.0,3657.38
California,Heber,5,2,4961.8,17731.86,53.15,2.8,40.0,7376.58
California,Helendale,4,0,3754.5,15979.41,74.25,4.25,0.0,0.0
California,Helm,4,1,4493.0,7252.84,40.55,4.25,25.0,2585.17
California,Hemet,12,2,4415.75,39370.25,63.56,3.5,16.67,3088.88
California,Herald,4,1,4682.75,11335.47,69.85,3.0,25.0,3674.85
California,Hercules,4,0,4673.25,9470.27,56.22,3.5,0.0,0.0
California,Herlong,4,0,4553.0,15698.53,77.35,4.0,0.0,0.0
California,Hermosa Beach,5,3,4311.8,5655.55,65.8,2.4,60.0,877.8
California,Hesperia,4,0,3786.25,13421.99,70.89,3.5,0.0,0.0
California,Hickman,4,2,5054.75,14497.67,86.68,2.25,50.0,1242.32
California,Highland,3,0,3929.67,1193.64,29.73,4.0,0.0,0.0
California,Hilmar,4,0,4120.25,11693.86,73.11,3.25,0.0,0.0
California,Hinkley,4,1,4302.75,4031.71,56.75,2.5,25.0,437.12
California,Holtville,2,0,5120.0,4156.83,51.78,5.0,0.0,0.0
California,Homeland,4,2,4821.25,1400.54,54.51,3.0,50.0,289.85
California,Homewood,3,1,3445.0,1823.82,44.83,3.33,33.33,91.7
California,Honeydew,4,1,5726.25,24651.76,68.62,2.75,25.0,68.41
California,Hood,4,1,4433.5,24090.18,74.06,3.75,25.0,7435.88
California,Hoopa,4,1,5179.0,11130.01,68.78,3.0,25.0,976.22
California,Hopland,4,1,4696.75,9279.77,53.68,3.5,25.0,149.73
California,Hornbrook,4,1,5098.0,8908.56,79.39,2.75,25.0,247.22
California,Hornitos,4,0,4376.0,6786.95,55.91,4.25,0.0,0.0
California,Hughson,4,2,3337.0,6656.08,72.15,3.0,50.0,2223.73
California,Hume,4,2,5082.5,13895.89,79.54,3.0,50.0,624.49
California,Huntington Beach,16,4,4540.0,55349.62,57.89,3.25,25.0,15102.92
California,Huntington Park,5,3,4729.0,8824.98,71.55,2.8,60.0,2145.88
California,Huron,4,2,4227.0,13042.0,63.4,2.5,50.0,863.04
California,Hyampom,4,0,5056.0,6167.45,33.89,4.5,0.0,0.0
California,Hydesville,4,2,4674.75,16552.61,65.1,2.25,50.0,9392.52
California,Idyllwild,4,1,4889.75,10369.95,51.15,3.5,25.0,719.57
California,Igo,4,1,3466.5,14924.56,72.68,3.25,25.0,8414.62
California,Imperial,4,1,5510.25,15793.95,61.16,2.5,25.0,344.27
California,Imperial Beach,4,1,3260.5,7851.71,58.84,2.75,25.0,818.93
California,Independence,4,1,4125.75,5322.47,39.66,3.25,25.0,1087.94
California,Indian Wells,3,2,4558.67,6572.46,76.6,3.33,66.67,6439.25
California,Indio,9,2,4290.33,34048.74,90.02,3.56,22.22,3739.08
California,Inglewood,25,5,5006.24,73022.55,59.11,3.56,20.0,7035.43
California,Inverness,4,1,3543.25,3491.5,47.7,3.5,25.0,96.59
California,Ione,4,0,4551.25,23533.64,97.82,4.0,0.0,0.0
California,Irvine,28,5,4466.64,84035.92,60.61,3.54,17.86,11021.48
California,Isleton,4,1,4595.5,11535.17,59.28,3.5,25.0,91.39
California,Ivanhoe,4,1,4620.0,10159.53,41.16,3.0,25.0,31.18
California,Jackson,4,3,3802.75,5707.29,65.96,2.5,75.0,2929.44
California,Jacumba,2,0,3607.5,2040.07,51.68,4.0,0.0,0.0
California,Jamestown,4,1,4548.75,21143.33,84.65,3.5,25.0,2190.16
California,Jamul,3,0,4774.67,18694.63,102.25,3.33,0.0,0.0
California,Janesville,4,0,4471.5,16396.3,55.24,4.0,0.0,0.0
California,Jenner,4,1,4560.75,8229.67,44.68,3.25,25.0,884.15
California,Johannesburg,2,2,3288.5,2235.29,78.25,1.0,100.0,2235.29
California,Jolon,4,2,4853.0,14495.9,72.06,2.75,50.0,4644.12
California,Joshua Tree,4,0,4486.25,13463.3,51.51,4.0,0.0,0.0
California,Julian,4,1,4798.5,5749.22,72.74,3.25,25.0,442.7
California,Junction City,4,0,5560.25,16968.23,51.7,3.75,0.0,0.0
California,June Lake,4,0,3826.75,13162.68,31.05,3.25,0.0,0.0
California,Keeler,4,0,3824.75,9142.4,52.82,4.0,0.0,0.0
California,Keene,4,3,3907.25,7372.9,83.7,3.0,75.0,2175.31
California,Kelseyville,4,0,5648.5,29154.03,95.39,3.75,0.0,0.0
California,Kenwood,4,0,5021.25,20033.88,74.54,3.5,0.0,0.0
California,Kerman,4,1,3959.5,5039.4,55.22,4.25,25.0,561.27
California,Kernville,4,1,4522.5,13500.13,52.65,3.5,25.0,96.05
California,Kettleman City,4,0,4442.75,13106.71,69.2,4.5,0.0,0.0
California,Keyes,4,0,3704.5,6695.0,20.35,4.25,0.0,0.0
California,King City,4,1,5401.5,24015.05,100.26,3.25,25.0,450.26
California,Kings Beach,4,1,3592.75,10387.55,68.39,3.5,25.0,452.64
California,Kingsburg,4,1,5316.75,18710.43,57.98,3.0,25.0,56.35
California,Kirkwood,4,1,2631.25,9226.73,60.78,3.25,25.0,1412.9
California,Klamath,4,1,4821.25,20110.61,77.09,3.25,25.0,3653.96
California,Klamath River,4,2,3848.5,9467.14,93.79,2.75,50.0,3108.46
California,Kneeland,4,0,3889.5,16501.89,61.71,4.25,0.0,0.0
California,Knights Landing,4,1,4267.0,17027.82,76.59,3.0,25.0,2260.42
California,Korbel,4,1,4055.5,3532.67,37.03,3.0,25.0,126.07
California,Kyburz,4,1,4862.5,8081.61,35.64,3.5,25.0,42.52
California,La Canada Flintridge,5,1,4410.8,23680.06,74.63,3.2,20.0,5300.09
California,La Crescenta,5,0,3837.4,16424.05,59.79,3.6,0.0,0.0
California,La Grange,4,1,4389.0,27176.83,81.44,2.75,25.0,7889.85
California,La Habra,5,2,5030.6,7926.81,62.57,3.0,40.0,367.27
California,La Honda,4,0,4691.25,6919.33,33.0,4.25,0.0,0.0
California,La Jolla,4,0,4208.75,11349.68,67.59,4.25,0.0,0.0
California,La Mesa,10,1,4478.3,34998.02,74.34,4.1,10.0,4428.28
California,La Mirada,5,0,3671.4,12774.78,73.86,3.8,0.0,0.0
California,La Palma,5,3,4778.4,24177.38,95.45,3.4,60.0,5017.03
California,La Puente,9,6,4887.0,12170.94,58.0,2.11,66.67,3427.36
California,La Quinta,5,1,4366.0,9845.78,52.71,2.8,20.0,2031.17
California,La Verne,5,0,4769.0,18079.88,66.67,5.0,0.0,0.0
California,Ladera Ranch,4,1,4318.5,11547.11,83.55,3.25,25.0,363.93
California,Lafayette,4,1,4248.75,11405.31,51.54,2.75,25.0,157.26
California,Laguna Beach,4,1,3491.5,12527.58,67.04,3.25,25.0,4996.18
California,Laguna Hills,4,0,4412.75,9376.75,52.16,4.25,0.0,0.0
California,Laguna Niguel,4,0,3819.25,9258.79,39.89,3.75,0.0,0.0
California,Lagunitas,4,0,3845.5,10610.3,44.91,4.0,0.0,0.0
California,Lake Arrowhead,4,0,4081.75,10691.72,49.81,4.25,0.0,0.0
California,Lake Elsinore,8,2,5141.75,18800.31,69.4,3.38,25.0,447.36
California,Lake Forest,4,2,3720.5,4583.73,52.75,2.75,50.0,2307.85
California,Lake Hughes,4,2,3878.25,20942.08,94.58,2.5,50.0,5705.03
California,Lake Isabella,4,0,4485.75,18532.4,60.34,4.25,0.0,0.0
California,Lakehead,4,1,4898.5,13525.13,59.58,4.0,25.0,431.63
California,Lakeport,4,1,3379.25,7392.77,71.06,3.25,25.0,117.56
California,Lakeshore,4,0,3850.75,19720.81,83.48,4.0,0.0,0.0
California,Lakeside,4,0,5156.0,17122.65,55.88,3.5,0.0,0.0
California,Lakewood,17,8,4086.53,56511.55,69.84,3.06,47.06,20989.97
California,Lamont,4,0,4926.0,13376.26,63.32,4.25,0.0,0.0
California,Lancaster,12,5,3638.75,16492.63,50.89,2.58,41.67,4648.88
California,Landers,4,0,4645.75,13642.65,47.44,4.25,0.0,0.0
California,Larkspur,4,2,4880.0,11052.77,47.36,3.0,50.0,7743.06
California,Lathrop,4,2,3572.75,12167.24,70.81,2.25,50.0,2273.29
California,Laton,4,0,4863.0,19014.53,41.26,3.75,0.0,0.0
California,Lawndale,5,2,4361.6,11240.74,71.53,2.8,40.0,1895.4
California,Laytonville,4,1,5033.25,20181.52,78.53,3.25,25.0,655.0
California,Le Grand,4,0,5017.75,16436.53,74.09,3.5,0.0,0.0
California,Lebec,4,1,4510.0,3513.7,61.18,2.5,25.0,335.04
California,Lee Vining,4,1,5283.75,21815.7,65.18,3.25,25.0,5620.45
California,Leggett,4,0,4607.75,6097.3,44.08,4.0,0.0,0.0
California,Lemon Cove,4,2,4032.5,17278.37,84.48,2.75,50.0,3004.97
California,Lemon Grove,5,0,4625.0,33843.03,80.21,4.0,0.0,0.0
California,Lemoore,4,1,3876.0,7554.93,49.16,4.25,25.0,1185.85
California,Lewiston,4,3,4617.75,7698.64,74.16,2.25,75.0,6276.24
California,Likely,3,0,5205.33,14503.7,58.7,3.67,0.0,0.0
California,Lincoln,4,0,4281.5,24691.31,90.66,4.0,0.0,0.0
California,Linden,4,1,4801.0,6361.23,31.31,3.25,25.0,111.35
California,Lindsay,4,1,4530.75,19281.98,68.94,2.5,25.0,372.65
California,Litchfield,4,0,5345.5,14733.72,72.47,3.75,0.0,0.0
California,Little River,4,0,3915.0,8706.04,25.46,4.0,0.0,0.0
California,Littlerock,4,0,4394.75,10168.09,60.99,3.5,0.0,0.0
California,Live Oak,4,1,4807.0,10968.58,67.82,3.75,25.0,853.84
California,Livermore,4,1,4811.75,14644.56,56.7,3.25,25.0,1359.7
California,Livingston,4,1,4556.5,10468.87,43.61,2.75,25.0,160.58
California,Llano,4,0,2989.5,11839.45,55.99,3.5,0.0,0.0
California,Lockeford,4,1,4979.5,20152.15,79.79,2.5,25.0,496.54
California,Lockwood,4,2,4567.0,13464.87,78.25,2.75,50.0,5210.47
California,Lodi,8,3,4304.5,28306.07,72.03,2.88,37.5,2722.41
California,Loleta,4,1,4620.0,873.05,32.16,3.75,25.0,98.93
California,Loma Linda,4,0,3742.0,9753.3,62.82,4.0,0.0,0.0
California,Loma Mar,4,2,4419.0,6423.7,77.56,3.25,50.0,1620.85
California,Lomita,5,2,5178.6,15900.86,68.57,3.2,40.0,1863.84
California,Lompoc,6,3,4477.67,19342.57,69.07,3.0,50.0,1444.01
California,Long Barn,4,1,4790.25,15338.5,65.4,3.75,25.0,5703.76
California,Long Beach,60,15,4494.22,185937.12,65.37,3.17,25.0,28550.22
California,Lookout,4,0,3751.5,10103.89,61.16,3.75,0.0,0.0
California,Loomis,4,1,4541.25,17040.84,52.38,3.25,25.0,7711.41
California,Los Alamitos,5,1,3983.8,15896.67,62.12,3.0,20.0,85.73
California,Los Alamos,3,1,3609.33,8957.47,63.77,3.33,33.33,43.71
California,Los Altos,8,1,4236.38,27963.98,63.66,4.0,12.5,653.13
California,Los Angeles,293,78,4369.85,852725.23,62.13,3.21,26.62,147090.46
California,Los Banos,4,0,4259.25,12115.83,66.12,3.75,0.0,0.0
California,Los Gatos,12,4,4054.08,24738.18,69.34,3.5,33.33,5574.06
California,Los Molinos,4,1,4065.25,19430.24,73.3,3.5,25.0,9180.75
California,Los Olivos,4,0,3953.25,9145.91,46.45,3.5,0.0,0.0
California,Los Osos,4,1,4459.25,3520.46,51.36,3.5,25.0,92.12
California,Lost Hills,4,0,3925.5,16545.98,58.55,3.5,0.0,0.0
California,Lotus,4,2,4638.0,14384.56,85.65,2.5,50.0,11589.35
California,Lower Lake,4,0,4861.0,13923.72,50.48,3.75,0.0,0.0
California,Loyalton,4,0,4157.5,6459.73,63.95,3.75,0.0,0.0
California,Lucerne,4,1,4383.75,13784.48,64.11,3.25,25.0,880.2
California,Lucerne Valley,4,2,4400.25,6742.33,74.85,2.75,50.0,506.16
California,Ludlow,3,2,5255.67,7217.18,74.27,3.0,66.67,2994.51
California,Lynwood,5,2,4111.8,11120.36,60.51,2.4,40.0,996.53
California,Lytle Creek,4,1,4334.25,30258.22,101.96,2.5,25.0,1012.46
California,Macdoel,4,0,4374.25,14238.91,69.8,3.5,0.0,0.0
California,Mad River,4,0,5339.75,7073.34,55.45,3.5,0.0,0.0
California,Madeline,4,0,5189.25,11703.62,62.46,3.75,0.0,0.0
California,Madera,8,3,4519.62,30297.12,65.03,3.0,37.5,11851.02
California,Madison,4,1,3584.75,6090.19,56.58,3.25,25.0,3315.47
California,Magalia,4,1,3578.0,9151.44,54.1,3.75,25.0,1833.92
California,Malibu,10,2,4249.1,31514.01,62.59,3.7,20.0,310.82
California,Mammoth Lakes,4,0,5077.5,9581.36,48.44,4.5,0.0,0.0
California,Manchester,4,0,4605.75,28066.93,100.79,3.75,0.0,0.0
California,Manhattan Beach,5,0,4103.0,4242.92,56.61,3.8,0.0,0.0
California,Manteca,8,0,4513.62,14126.59,39.52,3.25,0.0,0.0
California,Manton,4,0,4747.5,14343.28,58.56,3.25,0.0,0.0
California,March Air Reserve Base,4,2,5051.75,13097.17,59.41,3.25,50.0,8712.93
California,Marina,4,3,3934.75,5563.67,69.41,3.0,75.0,2276.6
California,Marina Del Rey,5,3,4251.6,13932.68,78.55,2.0,60.0,1786.05
California,Mariposa,4,2,3081.75,5218.03,74.34,2.75,50.0,172.67
California,Markleeville,4,0,4147.75,14648.02,60.74,3.75,0.0,0.0
California,Marshall,4,2,4511.25,6347.54,65.61,3.0,50.0,4511.1
California,Martinez,4,2,4385.5,15706.93,64.29,2.25,50.0,12640.48
California,Marysville,4,0,4581.75,9465.25,44.64,4.25,0.0,0.0
California,Mather,4,2,3538.5,7987.57,42.04,3.0,50.0,1437.73
California,Maxwell,4,1,3989.75,12391.8,78.54,3.5,25.0,2261.98
California,Maywood,5,0,4794.4,15379.95,53.72,4.6,0.0,0.0
California,Mc Farland,4,0,4028.25,8733.21,45.9,3.5,0.0,0.0
California,Mc Kittrick,4,2,4133.25,9648.33,71.2,2.25,50.0,6051.25
California,Mcarthur,4,1,3861.75,7390.14,46.16,3.0,25.0,184.73
California,Mccloud,4,0,3863.0,6576.68,46.54,4.0,0.0,0.0
California,Mckinleyville,4,2,4622.25,24578.92,87.41,2.75,50.0,20037.74
California,Meadow Valley,4,1,4754.5,13679.42,63.86,3.75,25.0,3878.58
California,Meadow Vista,4,2,4129.25,12058.4,101.46,3.0,50.0,2327.02
California,Mecca,5,0,4581.0,23249.41,63.29,4.2,0.0,0.0
California,Mendocino,4,2,4596.25,4521.93,49.56,2.25,50.0,198.95
California,Menifee,4,0,5111.25,13275.36,60.3,4.5,0.0,0.0
California,Menlo Park,4,0,4929.5,20570.96,74.78,4.0,0.0,0.0
California,Mentone,4,1,4379.25,25461.33,90.61,3.25,25.0,79.74
California,Merced,8,2,4423.75,23230.69,68.31,2.62,25.0,8422.58
California,Meridian,4,0,3525.0,12647.4,76.45,3.25,0.0,0.0
California,Mi Wuk Village,4,1,4908.0,21981.62,83.08,3.25,25.0,113.17
California,Middletown,4,0,4154.25,17854.41,68.74,4.25,0.0,0.0
California,Midpines,4,0,4185.5,14654.1,81.98,4.0,0.0,0.0
California,Midway City,4,1,4655.25,18070.87,77.56,3.25,25.0,559.67
California,Milford,4,0,4369.75,24929.62,85.12,4.0,0.0,0.0
California,Mill Creek,4,1,5053.25,17459.16,74.31,3.0,25.0,1803.75
California,Mill Valley,4,1,3687.0,5864.92,59.08,4.5,25.0,391.93
California,Millbrae,4,1,3684.0,5162.64,74.96,3.25,25.0,1517.73
California,Millville,4,0,3779.75,9562.8,49.02,3.75,0.0,0.0
California,Milpitas,4,1,4384.75,23913.46,89.05,2.75,25.0,10013.7
California,Mineral,4,2,4634.5,19388.16,100.61,2.25,50.0,11244.81
California,Mira Loma,5,1,3828.0,10848.49,61.16,3.0,20.0,1435.03
California,Miramonte,4,1,4600.75,20298.87,81.71,3.5,25.0,8103.45
California,Miranda,4,3,4916.25,12119.34,86.12,2.5,75.0,7462.46
California,Mission Hills,5,2,4812.2,17816.21,58.93,3.2,40.0,7034.46
California,Mission Viejo,8,1,4729.12,39303.78,79.01,3.38,12.5,72.39
California,Modesto,28,12,4364.64,65847.36,69.56,2.86,42.86,11909.92
California,Mojave,3,1,5017.33,14490.82,77.87,3.0,33.33,3053.6
California,Mokelumne Hill,4,0,4708.25,7526.54,37.54,3.25,0.0,0.0
California,Monrovia,5,1,4593.2,9557.28,53.21,3.2,20.0,398.26
California,Montara,4,0,4307.75,16785.58,81.71,3.5,0.0,0.0
California,Montclair,5,1,5016.2,20278.91,60.78,4.2,20.0,91.22
California,Monte Rio,4,0,5474.25,28659.54,94.22,4.0,0.0,0.0
California,Montebello,5,1,4273.6,20280.48,64.47,3.8,20.0,5880.09
California,Monterey,4,0,5366.25,19290.04,81.09,3.75,0.0,0.0
California,Monterey Park,10,1,4552.2,58841.34,83.0,3.4,10.0,5630.03
California,Montgomery Creek,4,0,4794.25,13128.62,40.51,3.75,0.0,0.0
California,Montrose,5,1,5195.0,17717.37,63.31,3.6,20.0,1267.3
California,Moorpark,4,2,4399.75,9818.4,77.47,2.0,50.0,264.01
California,Moraga,4,2,5702.0,3656.3,71.49,2.5,50.0,613.56
California,Moreno Valley,16,5,4507.19,64433.78,79.02,3.25,31.25,5632.6
California,Morgan Hill,4,2,4471.0,11644.48,70.88,2.75,50.0,2860.0
California,Morongo Valley,5,0,4449.4,20218.44,74.64,4.0,0.0,0.0
California,Morro Bay,4,1,4494.25,4105.61,45.64,3.5,25.0,2861.6
California,Moss Beach,4,0,4898.75,16936.66,73.42,4.0,0.0,0.0
California,Moss Landing,4,1,4842.5,21450.49,77.62,3.0,25.0,124.83
California,Mount Hamilton,4,0,5415.25,23679.35,64.92,4.5,0.0,0.0
California,Mount Hermon,4,0,4841.0,17673.26,64.46,3.5,0.0,0.0
California,Mount Laguna,4,2,3343.0,15030.32,89.18,2.5,50.0,6694.57
California,Mount Shasta,4,0,3788.75,10375.55,46.98,3.75,0.0,0.0
California,Mountain Center,4,0,3944.75,12391.03,56.22,3.75,0.0,0.0
California,Mountain Ranch,4,1,4144.75,5876.12,53.16,3.0,25.0,3823.36
California,Mountain View,12,4,4622.5,41683.77,73.28,2.83,33.33,15495.32
California,Mt Baldy,5,0,3150.0,8628.56,43.01,3.6,0.0,0.0
California,Murphys,4,1,4485.25,13616.47,71.01,2.5,25.0,5152.99
California,Murrieta,8,2,4462.38,36830.1,86.58,2.88,25.0,7152.81
California,Myers Flat,4,1,4246.0,7275.88,48.16,3.5,25.0,48.18
California,Napa,8,3,4405.5,29360.42,83.48,3.5,37.5,10412.89
California,National City,5,0,4740.4,17771.55,70.43,4.4,0.0,0.0
California,Navarro,4,1,4254.0,12548.47,77.7,3.25,25.0,101.29
California,Needles,4,0,3706.5,12697.49,37.69,4.25,0.0,0.0
California,Nevada City,4,1,3977.0,2793.84,21.85,3.25,25.0,45.8
California,New Cuyama,4,1,4048.0,8120.48,43.74,3.0,25.0,39.92
California,Newark,4,0,4898.25,12269.74,48.79,3.5,0.0,0.0
California,Newbury Park,5,0,4797.0,11564.26,50.74,4.0,0.0,0.0
California,Newcastle,4,1,3545.5,7318.5,51.39,3.0,25.0,78.65
California,Newhall,5,1,5128.2,30731.5,86.69,3.4,20.0,747.0
California,Newman,4,1,4542.25,10173.62,62.85,3.25,25.0,526.16
California,Newport Beach,16,5,4988.0,47312.22,67.75,3.25,31.25,12262.18
California,Newport Coast,4,1,4728.0,22409.55,67.47,3.5,25.0,9441.18
California,Nicasio,4,1,5148.75,12488.49,74.51,2.5,25.0,1276.14
California,Nice,4,2,4179.25,9859.36,62.91,3.0,50.0,1073.53
California,Nicolaus,4,1,4163.25,12575.79,57.59,3.25,25.0,83.71
California,Niland,3,0,5846.67,12041.67,68.57,3.33,0.0,0.0
California,Nipomo,4,2,4842.75,17692.3,87.1,3.5,50.0,5785.59
California,Nipton,4,0,5156.25,20888.48,66.2,4.25,0.0,0.0
California,Norco,4,1,4971.25,9820.3,52.5,3.5,25.0,1148.63
California,North Fork,4,1,3626.0,8196.46,53.19,4.25,25.0,114.85
California,North Highlands,4,0,5695.0,15962.27,50.09,3.25,0.0,0.0
California,North Hills,5,1,4013.8,14921.48,57.15,3.0,20.0,3147.5
California,North Hollywood,20,9,4256.55,45379.38,67.26,2.65,45.0,8319.76
California,North Palm Springs,4,2,4246.75,10987.9,42.44,2.75,50.0,6237.88
California,North San Juan,4,0,3748.0,10079.54,48.01,4.0,0.0,0.0
California,Northridge,10,2,3697.8,32759.36,63.19,3.5,20.0,1905.72
California,Norwalk,5,0,4562.0,16280.54,56.69,3.6,0.0,0.0
California,Novato,12,6,4531.08,31981.04,76.62,2.92,50.0,8562.41
California,Nubieber,4,1,4751.5,10240.2,59.12,3.25,25.0,4812.84
California,Nuevo,4,1,4707.0,16333.21,80.65,3.0,25.0,557.88
California,O Neals,4,0,3076.25,9705.97,45.88,3.75,0.0,0.0
California,Oak Park,5,0,4311.8,23148.78,77.06,3.6,0.0,0.0
California,Oak Run,4,2,4976.5,3585.28,47.28,2.5,50.0,2875.27
California,Oak View,4,1,3877.5,14742.18,72.38,3.5,25.0,276.09
California,Oakdale,4,2,4328.25,11463.48,62.21,3.25,50.0,3263.37
California,Oakhurst,4,1,4146.0,16935.77,68.59,3.0,25.0,35.25
California,Oakland,52,13,4334.4,154564.36,66.4,3.4,25.0,22515.74
California,Oakley,4,1,4407.0,16260.0,69.4,3.75,25.0,981.8
California,Occidental,4,0,4078.5,23727.88,95.15,4.0,0.0,0.0
California,Oceano,3,1,5902.67,20392.45,97.97,2.67,33.33,7188.02
California,Oceanside,11,1,4630.55,31053.07,53.7,3.64,9.09,258.69
California,Ocotillo,4,1,5062.0,15191.79,53.82,3.0,25.0,108.33
California,Ojai,4,1,4321.25,14254.99,82.32,2.75,25.0,95.76
California,Olancha,4,1,4660.5,4348.31,65.92,3.75,25.0,106.63
California,Old Station,4,3,3976.25,4808.9,53.12,1.75,75.0,2994.74
California,Olema,4,1,4445.0,17524.59,59.54,3.75,25.0,8645.19
California,Olivehurst,4,1,5019.0,13597.11,45.69,3.75,25.0,2441.48
California,Olympic Valley,4,0,4966.75,7825.38,61.44,3.75,0.0,0.0
California,Ontario,15,4,4218.53,36461.06,58.16,3.2,26.67,5237.3
California,Orange,20,3,4774.0,49058.91,52.94,3.35,15.0,1587.76
California,Orange Cove,4,0,4431.0,9484.08,55.52,3.25,0.0,0.0
California,Orangevale,4,3,4475.75,21347.44,91.88,2.25,75.0,14180.26
California,Oregon House,4,0,5531.5,19058.2,72.6,3.75,0.0,0.0
California,Orick,4,0,4716.25,13572.69,29.62,4.0,0.0,0.0
California,Orinda,4,1,4006.0,8124.25,82.4,3.0,25.0,122.63
California,Orland,4,1,5307.0,15006.4,79.44,3.25,25.0,112.74
California,Orleans,4,0,4162.25,5037.59,28.98,4.0,0.0,0.0
California,Oro Grande,4,1,4387.25,12627.79,57.15,3.0,25.0,107.04
California,Orosi,4,2,4335.75,12083.91,73.91,3.25,50.0,427.8
California,Oroville,8,2,4911.5,14026.66,54.81,3.12,25.0,157.51
California,Oxnard,12,3,4162.0,29073.61,55.22,3.25,25.0,8438.84
California,Pacific Grove,4,1,5277.5,2357.32,37.74,4.0,25.0,633.26
California,Pacific Palisades,5,2,4056.2,13773.19,54.25,3.4,40.0,2309.68
California,Pacifica,4,0,3463.75,16701.98,71.99,3.75,0.0,0.0
California,Pacoima,5,2,4595.2,3260.19,58.67,3.6,40.0,497.21
California,Paicines,4,0,4728.75,10163.48,55.76,3.75,0.0,0.0
California,Pala,4,1,5805.5,14726.73,55.79,3.75,25.0,128.82
California,Palermo,4,1,4227.0,16185.87,69.23,3.0,25.0,2580.5
California,Palm Desert,8,2,4173.75,22193.79,56.42,2.75,25.0,4001.67
California,Palm Springs,9,2,4280.44,17905.81,57.5,3.67,22.22,2075.14
California,Palmdale,16,6,4076.19,39192.64,54.08,2.81,37.5,18241.71
California,Palo Alto,16,4,4525.25,41177.51,56.39,3.0,25.0,8490.49
California,Palo Cedro,4,2,4699.0,17865.16,91.59,3.25,50.0,678.85
California,Palo Verde,5,0,5646.0,26295.98,78.17,3.6,0.0,0.0
California,Palomar Mountain,3,1,5364.33,14296.93,72.48,3.67,33.33,30.5
California,Palos Verdes Peninsula,5,0,4530.8,10995.19,57.12,3.6,0.0,0.0
California,Paradise,4,0,4167.5,14497.33,69.85,3.75,0.0,0.0
California,Paramount,5,1,4643.8,20085.71,72.93,3.2,20.0,127.5
California,Parker Dam,4,0,5144.75,18998.77,74.54,3.5,0.0,0.0
California,Parlier,4,1,4120.5,16271.1,69.95,3.25,25.0,3576.43
California,Pasadena,30,9,4226.13,81239.19,63.06,3.1,30.0,26383.57
California,Paskenta,4,3,4664.25,6621.68,80.61,2.25,75.0,6466.03
California,Paso Robles,4,0,5049.5,12956.29,43.24,3.5,0.0,0.0
California,Patterson,4,1,3552.5,13071.52,80.66,3.25,25.0,1337.19
California,Pauma Valley,3,1,3354.33,5461.08,49.57,3.0,33.33,3821.22
California,Paynes Creek,4,1,3724.5,9244.91,72.15,3.25,25.0,118.81
California,Pearblossom,4,3,3833.0,20867.95,80.4,1.75,75.0,10563.45
California,Pebble Beach,4,1,4416.75,16226.07,67.41,4.0,25.0,5492.34
California,Penn Valley,4,0,4880.75,7467.84,49.18,3.5,0.0,0.0
California,Penngrove,4,0,4408.25,15300.24,67.2,3.5,0.0,0.0
California,Penryn,4,1,4013.25,14034.48,71.19,2.5,25.0,8054.52
California,Perris,8,2,3666.62,11859.27,73.62,3.0,25.0,2242.04
California,Pescadero,4,1,4823.0,13105.44,50.01,2.75,25.0,24.6
California,Petaluma,8,0,3770.62,22602.24,58.46,3.38,0.0,0.0
California,Petrolia,4,1,4345.5,12230.48,54.79,3.5,25.0,2626.0
California,Phelan,4,2,4118.75,5269.34,50.51,3.0,50.0,1007.2
California,Phillipsville,4,0,3675.75,7486.99,37.35,3.75,0.0,0.0
California,Philo,4,1,3710.25,12599.06,74.02,3.0,25.0,1408.73
California,Pico Rivera,5,2,4042.6,16354.12,53.76,2.4,40.0,3508.12
California,Piercy,4,1,5825.25,29946.89,88.64,3.0,25.0,7373.82
California,Pilot Hill,4,1,3563.5,4244.01,65.47,3.5,25.0,132.74
California,Pine Grove,4,1,3683.75,12651.4,79.72,2.75,25.0,643.45
California,Pine Valley,5,0,4259.2,13813.85,62.56,3.8,0.0,0.0
California,Pinecrest,4,2,4754.0,11624.44,66.45,2.75,50.0,8106.44
California,Pinole,4,2,5315.75,11261.06,62.85,3.25,50.0,8898.78
California,Pinon Hills,4,0,5206.5,11042.97,63.14,3.5,0.0,0.0
California,Pioneer,4,1,5009.0,22171.65,74.64,3.25,25.0,1821.45
California,Pioneertown,5,0,4363.4,31372.38,88.75,3.6,0.0,0.0
California,Piru,4,3,5061.5,7961.92,52.16,2.5,75.0,7237.57
California,Pismo Beach,3,1,5552.67,2378.12,56.43,2.67,33.33,680.06
California,Pittsburg,4,1,4318.25,20247.82,78.61,3.25,25.0,388.21
California,Pixley,4,0,4144.25,17685.24,61.59,3.75,0.0,0.0
California,Placentia,4,1,5237.25,24916.23,90.62,3.0,25.0,106.84
California,Placerville,4,0,4368.75,4725.14,58.76,4.25,0.0,0.0
California,Planada,4,2,4255.5,8321.96,66.75,2.75,50.0,3670.0
California,Platina,4,1,4145.25,4372.41,41.28,3.75,25.0,81.05
California,Playa Del Rey,5,0,4488.0,19276.14,64.6,4.4,0.0,0.0
California,Pleasant Grove,4,2,4123.75,19391.82,93.15,2.25,50.0,9450.9
California,Pleasant Hill,4,1,4331.0,16585.44,76.03,3.0,25.0,9069.15
California,Pleasanton,8,3,4313.12,22931.2,53.14,3.12,37.5,7444.21
California,Plymouth,4,2,4475.75,16036.01,66.62,3.0,50.0,715.76
California,Point Arena,4,1,4859.0,15125.52,49.31,3.25,25.0,2834.39
California,Point Reyes Station,4,1,4917.25,5912.92,60.68,3.75,25.0,1141.71
California,Pollock Pines,4,1,3251.75,13770.74,88.6,3.0,25.0,1126.82
California,Pomona,15,5,4641.93,53046.67,67.99,3.2,33.33,16164.28
California,Pope Valley,4,3,5032.25,9111.9,59.41,2.25,75.0,8492.23
California,Port Costa,4,2,3462.25,8003.38,61.16,2.5,50.0,3445.97
California,Port Hueneme,4,1,4171.5,9467.09,60.01,3.75,25.0,249.88
California,Porter Ranch,5,1,3970.0,13954.01,64.92,3.0,20.0,94.78
California,Porterville,4,1,3878.75,14081.43,63.15,4.25,25.0,3912.94
California,Portola,3,0,5319.0,14034.83,49.52,3.33,0.0,0.0
California,Portola Valley,4,1,5451.75,17062.96,63.1,3.0,25.0,3264.45
California,Posey,4,1,3101.75,9217.3,60.24,3.0,25.0,62.25
California,Potrero,5,0,4912.0,25567.95,72.38,3.8,0.0,0.0
California,Potter Valley,4,0,4404.75,23074.06,66.79,3.75,0.0,0.0
California,Poway,5,1,4675.2,25890.39,77.47,3.6,20.0,8950.8
California,Prather,4,1,4819.75,23430.43,85.11,2.75,25.0,7361.72
California,Princeton,4,2,5485.75,14324.97,82.54,3.0,50.0,3190.91
California,Quincy,4,3,3213.25,3498.87,65.26,2.25,75.0,3097.31
California,Raisin City,4,0,5132.0,25355.41,88.62,4.0,0.0,0.0
California,Ramona,4,0,4189.5,17799.26,87.12,3.5,0.0,0.0
California,Ranchita,4,0,4884.0,23849.28,76.9,3.75,0.0,0.0
California,Rancho Cordova,8,3,4164.0,28143.29,73.53,3.25,37.5,11251.17
California,Rancho Cucamonga,20,4,4242.1,73887.98,73.91,3.35,20.0,7554.49
California,Rancho Mirage,5,2,4360.0,14294.74,68.27,3.6,40.0,190.39
California,Rancho Palos Verdes,5,0,3675.0,17616.95,74.42,4.0,0.0,0.0
California,Rancho Santa Fe,9,0,4709.11,22815.55,58.41,4.0,0.0,0.0
California,Rancho Santa Margarita,4,1,5288.75,17971.94,82.89,3.75,25.0,1672.17
California,Randsburg,4,1,3925.0,5593.13,64.01,3.0,25.0,662.0
California,Ravendale,3,0,4528.0,9826.63,68.6,4.0,0.0,0.0
California,Raymond,4,0,3936.75,15425.98,63.31,3.0,0.0,0.0
California,Red Bluff,4,2,5500.25,15007.41,74.4,3.0,50.0,6068.15
California,Redcrest,4,0,3912.75,3635.15,47.75,3.75,0.0,0.0
California,Redding,12,2,4498.08,26298.88,47.71,3.33,16.67,4298.65
California,Redlands,7,3,4450.0,16333.37,67.14,2.43,42.86,6114.83
California,Redondo Beach,10,1,4472.4,23863.62,64.94,3.7,10.0,196.15
California,Redway,4,1,5129.25,22570.66,83.95,3.0,25.0,10022.26
California,Redwood City,16,3,4557.88,65735.89,72.28,3.0,18.75,9719.29
California,Redwood Valley,4,1,4385.25,15613.14,68.12,3.0,25.0,2460.22
California,Reedley,4,0,3582.75,11570.39,62.32,4.0,0.0,0.0
California,Rescue,4,1,3610.25,11193.36,43.85,3.25,25.0,46.67
California,Reseda,5,2,5211.0,15459.5,57.61,3.2,40.0,571.55
California,Rialto,8,2,4398.75,17402.02,58.7,3.0,25.0,1308.36
California,Richgrove,4,1,3667.75,4548.11,54.15,3.5,25.0,27.39
California,Richmond,12,4,4241.0,53916.25,76.04,2.92,33.33,9133.04
California,Richvale,4,0,4580.25,4971.55,46.12,3.0,0.0,0.0
California,Rio Dell,4,3,4655.5,15111.96,65.88,2.25,75.0,9736.51
California,Rio Linda,4,1,3803.5,9225.66,63.81,3.0,25.0,111.01
California,Rio Nido,4,1,3948.5,15676.5,68.61,3.75,25.0,675.67
California,Rio Oso,4,1,4100.25,5081.74,49.15,3.75,25.0,1350.77
California,Rio Vista,4,1,4337.5,10542.62,66.15,3.25,25.0,1273.3
California,Ripon,4,0,4239.25,11937.97,45.35,3.5,0.0,0.0
California,River Pines,4,0,5119.25,5812.11,40.81,3.25,0.0,0.0
California,Riverbank,4,4,3411.75,7619.76,84.15,1.75,100.0,7619.76
California,Riverdale,4,1,3720.5,14671.45,70.95,2.75,25.0,3867.57
California,Riverside,32,8,4573.72,88614.74,66.13,3.25,25.0,6875.76
California,Rocklin,8,0,4013.0,33384.29,66.11,4.25,0.0,0.0
California,Rodeo,4,2,3765.0,15449.7,81.16,2.75,50.0,9527.92
California,Rohnert Park,4,1,3996.5,8621.56,55.31,2.75,25.0,462.84
California,Rosamond,4,1,4555.0,12651.97,61.15,3.0,25.0,35.9
California,Rosemead,5,3,4298.0,17641.68,95.61,2.8,60.0,9290.02
California,Roseville,12,3,4578.0,58146.49,86.55,3.42,25.0,10529.53
California,Rough And Ready,4,2,4490.75,11757.07,88.88,2.25,50.0,6455.72
California,Round Mountain,4,1,4340.25,7364.47,69.36,3.0,25.0,148.4
California,Rowland Heights,5,3,4471.4,14577.82,66.36,2.6,60.0,6104.52
California,Running Springs,4,3,5434.25,13859.07,55.45,2.0,75.0,12047.73
California,Sacramento,108,26,4540.66,353371.84,62.73,3.25,24.07,59449.2
California,Saint Helena,4,2,5658.0,15922.61,48.29,2.75,50.0,5337.9
California,Salida,4,1,4277.5,13530.78,64.03,3.25,25.0,60.75
California,Salinas,20,4,4369.0,58780.16,53.9,3.9,20.0,3140.23
California,Salton City,5,0,3904.4,10890.0,31.26,4.4,0.0,0.0
California,Salyer,4,1,4868.75,9587.91,59.64,3.0,25.0,160.95
California,Samoa,4,1,4747.75,14570.89,88.75,3.5,25.0,108.8
California,San Andreas,4,0,4911.25,14792.96,45.84,3.0,0.0,0.0
California,San Anselmo,4,2,4978.0,11651.72,56.98,2.75,50.0,2291.02
California,San Ardo,4,0,3460.25,11500.54,57.58,3.75,0.0,0.0
California,San Bernardino,28,8,4426.25,88292.72,64.25,3.18,28.57,23726.13
California,San Bruno,4,1,4271.5,6312.52,46.84,3.5,25.0,1539.99
California,San Carlos,4,0,5117.5,9927.34,46.11,4.0,0.0,0.0
California,San Clemente,8,0,5121.0,24173.34,67.01,4.25,0.0,0.0
California,San Diego,285,185,4345.09,738416.01,72.02,2.54,64.91,385446.39
California,San Dimas,8,7,3843.0,17296.75,61.09,2.5,87.5,17241.96
California,San Fernando,5,1,4106.6,4515.76,48.95,3.4,20.0,50.35
California,San Francisco,104,31,4335.46,306995.99,64.64,3.25,29.81,56894.27
California,San Gabriel,9,2,4360.44,18263.05,73.04,4.0,22.22,2183.26
California,San Geronimo,4,0,4321.25,6935.25,40.79,4.5,0.0,0.0
California,San Gregorio,4,0,3640.0,3175.11,44.15,4.0,0.0,0.0
California,San Jacinto,8,2,4688.0,23529.96,63.03,3.5,25.0,4026.75
California,San Joaquin,4,1,3514.0,8792.95,87.19,3.25,25.0,1937.93
California,San Jose,112,29,4233.38,326478.36,65.59,3.13,25.89,44393.49
California,San Juan Bautista,4,1,5218.25,5401.55,57.24,2.75,25.0,184.3
California,San Juan Capistrano,4,0,4095.25,8930.29,68.9,4.0,0.0,0.0
California,San Leandro,12,1,3330.92,28993.34,50.09,3.83,8.33,4603.51
California,San Lorenzo,4,1,2817.0,7248.96,44.91,3.75,25.0,2563.54
California,San Lucas,4,2,3594.75,5750.35,67.12,3.25,50.0,4125.59
California,San Luis Obispo,7,2,4684.71,16220.4,61.56,3.43,28.57,1115.56
California,San Marcos,8,1,4489.38,25019.77,55.81,3.88,12.5,1185.05
California,San Marino,5,2,3951.2,6503.72,59.92,2.4,40.0,2238.56
California,San Martin,4,1,4689.25,14436.5,75.73,3.75,25.0,3200.35
California,San Mateo,16,5,4060.56,40803.74,67.35,2.69,31.25,9663.27
California,San Miguel,4,0,4437.75,10168.91,51.7,3.5,0.0,0.0
California,San Pablo,4,1,4430.5,10327.69,71.25,3.0,25.0,179.97
California,San Pedro,10,2,4802.8,49909.06,78.72,2.8,20.0,1331.54
California,San Quentin,4,0,5273.5,11377.21,51.49,4.25,0.0,0.0
California,San Rafael,8,4,3942.75,33858.4,81.58,2.5,50.0,11678.81
California,San Ramon,4,1,4612.25,6157.32,47.44,3.5,25.0,622.45
California,San Simeon,4,0,4658.5,11007.21,52.2,3.25,0.0,0.0
California,San Ysidro,5,1,3678.4,14807.46,67.82,3.2,20.0,1077.84
California,Sanger,4,1,5628.25,15633.56,42.5,2.75,25.0,2191.45
California,Santa Ana,24,6,4471.58,80329.59,65.52,3.29,25.0,23346.83
California,Santa Barbara,28,10,4198.11,78526.26,62.84,3.21,35.71,46033.71
California,Santa Clara,12,3,3722.17,29477.62,56.18,3.17,25.0,7293.65
California,Santa Clarita,5,2,4811.6,6854.7,55.0,3.0,40.0,2567.35
California,Santa Cruz,16,4,4407.81,30828.68,54.22,3.12,25.0,1084.44
California,Santa Fe Springs,5,1,4659.0,19107.79,74.87,3.0,20.0,3222.68
California,Santa Margarita,4,0,4827.75,14035.75,55.54,3.5,0.0,0.0
California,Santa Maria,12,0,4376.75,36857.88,70.51,3.75,0.0,0.0
California,Santa Monica,25,5,4784.2,100461.76,68.27,3.32,20.0,15450.4
California,Santa Paula,4,2,4999.75,24401.24,90.56,2.75,50.0,17155.16
California,Santa Rosa,24,11,4088.12,45757.73,53.44,2.79,45.83,19491.5
California,Santa Ynez,4,0,3981.25,7992.5,50.49,4.0,0.0,0.0
California,Santa Ysabel,5,0,4132.2,20652.32,64.85,4.2,0.0,0.0
California,Santee,3,0,5493.0,5776.57,36.7,4.0,0.0,0.0
California,Saratoga,4,0,4838.0,15301.05,71.54,3.5,0.0,0.0
California,Sausalito,4,3,4212.5,7062.34,65.56,2.5,75.0,7023.56
California,Scotia,4,0,4071.25,2450.17,20.9,3.5,0.0,0.0
California,Scott Bar,4,0,4826.25,15747.87,79.75,4.0,0.0,0.0
California,Scotts Valley,4,0,4975.0,14579.45,65.01,4.25,0.0,0.0
California,Seal Beach,5,2,4370.2,16886.91,59.02,3.2,40.0,2838.55
California,Seaside,4,2,4326.25,15558.02,71.22,2.75,50.0,1076.53
California,Sebastopol,4,0,4058.75,12036.54,71.46,3.75,0.0,0.0
California,Seeley,4,3,4267.25,8354.08,56.98,1.75,75.0,7406.68
California,Seiad Valley,3,1,3945.33,10580.16,72.65,2.67,33.33,664.09
California,Selma,4,2,3675.25,1613.53,61.51,3.0,50.0,898.5
California,Sequoia National Park,4,1,4399.5,6750.21,46.79,3.5,25.0,24.25
California,Shafter,4,2,4105.25,8575.67,54.38,3.0,50.0,783.41
California,Shandon,4,0,4848.0,21215.28,73.4,3.25,0.0,0.0
California,Shasta,3,0,5575.0,19378.02,77.72,4.33,0.0,0.0
California,Shasta Lake,4,1,4069.0,16913.72,62.26,3.5,25.0,25.05
California,Shaver Lake,4,2,3311.0,7332.42,52.74,2.75,50.0,150.49
California,Sheep Ranch,4,2,3642.0,7841.25,79.7,2.75,50.0,1877.91
California,Sheridan,4,1,4413.0,14714.75,71.71,3.75,25.0,209.39
California,Sherman Oaks,10,4,4552.8,26993.61,62.38,3.0,40.0,2886.17
California,Shingle Springs,4,0,4786.5,17086.41,84.08,3.75,0.0,0.0
California,Shingletown,4,1,4515.5,19397.03,76.65,2.75,25.0,3423.26
California,Shoshone,4,1,4263.25,13365.48,70.56,3.25,25.0,244.08
California,Sierra City,4,3,3284.25,10453.73,78.68,2.25,75.0,6746.13
California,Sierra Madre,5,1,5318.6,17267.0,59.15,3.0,20.0,2610.25
California,Sierraville,4,2,3406.5,2605.75,64.9,3.25,50.0,2198.36
California,Silverado,4,2,4575.5,10801.05,69.68,2.0,50.0,3576.72
California,Simi Valley,8,1,4720.75,27892.06,68.94,3.5,12.5,2644.51
California,Sloughhouse,4,2,4281.0,11462.82,78.46,2.75,50.0,1956.58
California,Smartville,4,0,4444.0,5577.35,44.45,4.25,0.0,0.0
California,Smith River,4,4,4386.5,7831.42,37.14,1.5,100.0,7831.42
California,Snelling,4,2,4559.5,18689.56,74.55,3.25,50.0,9829.38
California,Soda Springs,4,2,5069.5,10273.64,65.31,2.25,50.0,1244.14
California,Solana Beach,4,1,4853.0,16799.09,71.41,3.0,25.0,5370.42
California,Soledad,4,0,4612.0,15391.15,57.06,4.0,0.0,0.0
California,Solvang,4,1,3836.75,15288.83,73.68,3.25,25.0,1751.98
California,Somerset,4,0,4205.25,22900.37,89.02,4.0,0.0,0.0
California,Somes Bar,4,1,4040.25,13822.59,70.11,3.75,25.0,7613.73
California,Somis,4,2,5216.75,13658.07,92.71,3.0,50.0,1260.87
California,Sonoma,4,1,4993.75,11943.63,90.31,3.0,25.0,578.61
California,Sonora,4,0,4983.25,18619.48,55.0,4.25,0.0,0.0
California,Soquel,4,0,4909.0,11276.3,28.25,3.0,0.0,0.0
California,Soulsbyville,4,2,4033.0,14627.49,81.75,3.25,50.0,9264.04
California,South Dos Palos,4,3,4319.25,16169.11,70.88,2.75,75.0,13951.84
California,South El Monte,5,1,4142.4,20236.0,73.92,3.8,20.0,1428.82
California,South Gate,5,0,4278.8,34081.85,98.62,4.0,0.0,0.0
California,South Lake Tahoe,2,2,5236.5,3445.8,97.15,3.0,100.0,3445.8
California,South Pasadena,5,3,3100.6,11365.78,67.15,2.0,60.0,10223.49
California,South San Francisco,4,2,3627.75,5449.69,71.09,3.25,50.0,3037.46
California,Spreckels,4,0,5563.75,11946.71,21.02,4.0,0.0,0.0
California,Spring Valley,10,2,4633.8,27867.42,71.67,3.1,20.0,6810.84
California,Springville,4,0,4728.75,18374.77,70.95,3.5,0.0,0.0
California,Squaw Valley,4,2,4718.5,5830.58,76.4,2.75,50.0,548.94
California,Standish,4,0,3637.0,5626.7,44.78,4.5,0.0,0.0
California,Stanford,4,0,4816.75,12001.53,39.49,4.0,0.0,0.0
California,Stanton,5,1,4074.2,12752.31,35.25,3.4,20.0,551.95
California,Stevenson Ranch,5,2,3337.4,4792.47,47.9,2.8,40.0,1316.21
California,Stevinson,4,1,4197.0,12829.61,79.06,3.75,25.0,1754.3
California,Stinson Beach,4,1,3843.5,6655.79,49.62,3.5,25.0,868.65
California,Stirling City,4,0,4014.5,10662.86,59.32,4.0,0.0,0.0
California,Stockton,44,12,4371.18,117930.75,65.88,3.23,27.27,19686.28
California,Stonyford,4,0,5081.25,19003.41,48.25,3.5,0.0,0.0
California,Stratford,4,1,3972.25,11349.62,66.5,3.25,25.0,37.56
California,Strathmore,4,1,2934.25,7123.69,64.18,3.5,25.0,1009.55
California,Strawberry Valley,4,2,3899.5,9767.36,69.45,3.75,50.0,728.69
California,Studio City,5,0,4909.0,7699.01,43.44,4.4,0.0,0.0
California,Sugarloaf,4,1,4381.75,10620.41,67.75,3.5,25.0,114.74
California,Suisun City,4,0,4855.75,11276.89,61.6,3.0,0.0,0.0
California,Sultana,4,0,5181.75,13338.15,47.16,3.25,0.0,0.0
California,Summerland,4,3,4560.25,7946.09,48.56,2.5,75.0,7541.38
California,Sun City,12,3,4380.33,33239.53,55.99,3.25,25.0,9514.79
California,Sun Valley,5,1,4290.6,21274.76,76.44,3.2,20.0,184.12
California,Sunland,5,1,4924.4,24578.51,75.87,3.4,20.0,3732.18
California,Sunnyvale,12,2,4778.83,50798.85,72.94,3.33,16.67,1930.89
California,Sunol,4,1,4748.75,12227.62,63.64,2.5,25.0,3018.26
California,Sunset Beach,5,2,2865.2,6906.23,56.84,2.8,40.0,439.87
California,Surfside,5,0,4705.4,20197.89,77.91,3.0,0.0,0.0
California,Susanville,4,2,5365.0,9527.53,48.08,2.0,50.0,3131.81
California,Sutter,4,1,4431.25,18540.46,65.2,3.5,25.0,93.7
California,Sutter Creek,4,1,4176.25,11597.77,70.14,3.75,25.0,4607.62
California,Sylmar,5,1,4244.2,19541.01,79.94,3.2,20.0,3242.45
California,Taft,4,2,3561.5,7552.59,75.56,3.25,50.0,1545.53
California,Tahoe City,3,0,3454.0,14970.47,89.37,3.0,0.0,0.0
California,Tahoe Vista,4,2,2965.25,10666.56,64.01,2.75,50.0,8200.85
California,Tahoma,3,1,4104.0,14186.56,81.68,3.33,33.33,305.95
California,Tarzana,5,2,4101.4,20718.66,78.64,3.2,40.0,12742.52
California,Taylorsville,4,1,3832.75,9846.09,62.69,3.25,25.0,77.81
California,Tecate,5,0,4320.6,28014.16,72.75,3.4,0.0,0.0
California,Tehachapi,4,1,4550.0,8109.11,63.24,2.75,25.0,4965.41
California,Tehama,4,0,4750.0,12733.89,67.6,3.75,0.0,0.0
California,Temecula,38,22,4367.87,119268.27,76.28,2.53,57.89,44102.41
California,Temple City,5,0,4543.6,13559.77,65.62,3.6,0.0,0.0
California,Templeton,4,3,4370.5,17225.7,91.16,2.25,75.0,17017.78
California,Termo,4,1,4996.75,8316.3,47.59,4.25,25.0,259.92
California,Terra Bella,4,1,5113.0,10617.44,54.65,3.5,25.0,7447.13
California,The Sea Ranch,4,2,5022.5,15738.59,76.08,2.5,50.0,2909.0
California,Thermal,4,1,4099.25,9232.19,65.8,3.5,25.0,130.39
California,Thornton,4,2,3971.0,13076.09,73.69,3.5,50.0,4643.13
California,Thousand Oaks,10,2,4942.7,28460.45,52.0,3.1,20.0,10922.9
California,Thousand Palms,5,1,4629.6,2375.07,53.25,3.4,20.0,101.4
California,Three Rivers,4,0,4743.5,7812.46,39.24,3.5,0.0,0.0
California,Tollhouse,4,1,4828.25,21205.35,85.4,3.5,25.0,7082.2
California,Tomales,4,1,4907.25,5310.54,31.94,3.75,25.0,197.43
California,Topanga,5,1,4105.4,24230.02,68.62,3.0,20.0,63.72
California,Topaz,3,0,4162.33,16000.98,74.03,3.67,0.0,0.0
California,Torrance,25,8,4606.2,77995.9,61.58,2.88,32.0,33534.79
California,Trabuco Canyon,4,2,3958.25,7153.76,69.0,2.25,50.0,5385.35
California,Tracy,4,0,5431.75,24042.61,87.11,4.0,0.0,0.0
California,Tranquillity,4,2,3903.0,17890.08,76.55,2.0,50.0,10829.64
California,Traver,4,1,3534.0,5820.82,52.29,2.75,25.0,1088.66
California,Travis Afb,4,2,4216.75,18523.31,69.19,2.0,50.0,15554.64
California,Trinidad,4,2,4003.0,11689.02,73.21,2.25,50.0,3961.25
California,Trinity Center,4,2,3479.75,14591.78,78.51,2.75,50.0,5868.64
California,Tujunga,5,3,3865.8,12464.19,72.38,2.8,60.0,11131.26
California,Tulare,4,1,5428.0,11145.48,59.0,3.25,25.0,161.35
California,Tulelake,4,0,4091.75,6909.34,44.31,4.25,0.0,0.0
California,Tuolumne,4,1,3792.0,11196.94,77.99,3.0,25.0,6164.81
California,Tupman,4,0,4985.25,28852.62,82.61,3.5,0.0,0.0
California,Turlock,8,3,4187.5,20924.58,58.52,2.88,37.5,7375.16
California,Tustin,8,1,4449.75,30582.65,62.07,3.38,12.5,69.99
California,Twain,4,4,4023.0,1453.58,47.26,1.75,100.0,1453.58
California,Twain Harte,4,0,5445.25,24076.82,70.64,4.0,0.0,0.0
California,Twentynine Palms,5,1,4127.6,19187.51,76.27,2.8,20.0,321.75
California,Twin Bridges,4,0,5516.25,13290.85,79.62,3.0,0.0,0.0
California,Ukiah,4,1,3856.75,17765.12,70.22,3.25,25.0,527.91
California,Union City,4,2,2845.25,5608.02,64.95,3.0,50.0,3927.08
California,Upland,10,0,4194.9,15909.27,62.62,3.7,0.0,0.0
California,Upper Lake,4,0,4508.75,16773.37,60.3,3.5,0.0,0.0
California,Vacaville,8,1,4473.38,24469.01,57.14,3.38,12.5,43.41
California,Valencia,10,3,4699.7,26781.97,57.29,3.5,30.0,7275.23
California,Vallecito,4,2,4401.0,21203.43,85.79,2.25,50.0,7582.39
California,Vallejo,16,3,3909.12,36351.04,64.58,3.31,18.75,4328.9
California,Valley Center,3,0,3535.33,3531.15,36.65,4.33,0.0,0.0
California,Valley Ford,4,1,4697.5,10210.56,52.32,3.0,25.0,160.5
California,Valley Springs,4,1,4173.0,19071.66,61.05,3.75,25.0,8454.25
California,Valley Village,5,1,3653.8,17966.79,81.69,2.8,20.0,3135.22
California,Valyermo,4,1,5640.25,24217.65,84.1,3.0,25.0,5997.3
California,Van Nuys,20,4,3936.6,53871.59,62.06,3.7,20.0,4116.3
California,Venice,5,1,5544.4,38683.94,101.94,3.2,20.0,8533.01
California,Ventura,12,4,4056.92,42414.87,71.68,2.92,33.33,1923.79
California,Vernalis,4,2,5054.0,14996.69,94.28,2.5,50.0,420.27
California,Victorville,8,2,4303.38,24052.15,63.56,3.5,25.0,5950.3
California,Villa Park,4,0,2956.75,5546.15,37.3,3.5,0.0,0.0
California,Vina,3,1,3603.0,8782.26,76.75,3.0,33.33,1626.7
California,Visalia,11,3,5047.91,40270.76,72.17,3.09,27.27,7919.2
California,Vista,9,1,4462.78,17728.92,45.02,3.33,11.11,25.25
California,Volcano,4,0,4593.25,15629.35,57.84,3.75,0.0,0.0
California,Wallace,4,1,4491.0,8346.29,54.66,3.25,25.0,36.63
California,Walnut,5,2,4424.0,6605.88,51.87,2.6,40.0,567.24
California,Walnut Creek,12,4,4395.83,30750.14,68.74,2.75,33.33,7007.85
California,Walnut Grove,4,2,5353.75,8136.59,64.58,3.0,50.0,193.11
California,Warner Springs,5,0,3997.2,15279.29,68.44,3.8,0.0,0.0
California,Wasco,4,1,4007.5,11324.37,66.34,3.25,25.0,3308.39
California,Washington,4,0,4616.5,13368.09,42.3,4.0,0.0,0.0
California,Waterford,4,2,5044.25,18043.77,69.68,2.75,50.0,8287.88
California,Watsonville,4,1,4151.25,9454.38,29.0,3.0,25.0,45.3
California,Weaverville,4,2,3362.75,8590.56,52.36,2.5,50.0,7567.51
California,Weed,4,0,4654.25,23521.94,94.71,3.5,0.0,0.0
California,Weimar,4,1,3873.5,6870.4,45.69,3.75,25.0,68.08
California,Weldon,4,0,3224.25,6415.04,30.02,3.75,0.0,0.0
California,Wendel,4,1,4247.5,8781.34,60.48,3.25,25.0,614.25
California,Weott,4,0,3754.0,6807.96,52.32,3.75,0.0,0.0
California,West Covina,15,3,4022.8,51125.91,67.61,3.27,20.0,3294.71
California,West Hills,5,0,4459.8,17335.95,64.66,4.2,0.0,0.0
California,West Hollywood,5,1,4413.2,20321.12,66.79,3.6,20.0,1132.09
California,West Point,4,1,3840.5,3749.37,33.76,2.75,25.0,51.62
California,West Sacramento,8,1,4333.38,32221.58,59.15,3.25,12.5,2847.99
California,Westlake Village,5,1,4695.4,9047.57,64.76,3.2,20.0,386.33
California,Westminster,4,0,4825.75,14575.43,69.64,4.0,0.0,0.0
California,Westmorland,4,1,4135.25,11800.84,53.14,3.25,25.0,111.75
California,Westport,4,1,4698.0,18096.79,83.95,3.0,25.0,5175.38
California,Westwood,4,2,4205.75,5835.04,61.06,2.75,50.0,562.98
California,Wheatland,4,3,4377.0,4212.78,62.46,2.25,75.0,1174.23
California,White Water,5,2,4604.2,28579.05,84.08,2.4,40.0,17607.51
California,Whitmore,4,1,4792.75,25877.48,84.76,3.0,25.0,4260.67
California,Whittier,30,5,4772.93,128858.77,73.43,3.47,16.67,15134.48
California,Wildomar,4,0,5055.25,20900.17,73.28,4.25,0.0,0.0
California,Williams,4,2,4480.75,5063.26,74.25,3.5,50.0,864.87
California,Willits,4,0,3627.0,13946.46,71.09,4.25,0.0,0.0
California,Willow Creek,4,0,4261.5,12971.44,56.12,4.5,0.0,0.0
California,Willows,4,1,4080.0,11775.74,44.7,3.25,25.0,664.86
California,Wilmington,5,0,4387.8,23415.99,64.53,4.0,0.0,0.0
California,Wilseyville,4,0,4249.75,7812.89,54.29,4.0,0.0,0.0
California,Wilton,4,1,4332.5,18743.54,76.44,3.0,25.0,1460.29
California,Winchester,4,0,4059.0,14311.49,77.39,3.5,0.0,0.0
California,Windsor,4,0,5315.25,13831.97,50.28,3.5,0.0,0.0
California,Winnetka,5,1,5751.8,18742.85,73.15,3.2,20.0,1427.72
California,Winterhaven,4,0,3874.0,13505.99,85.12,3.25,0.0,0.0
California,Winters,4,2,3953.75,15700.79,77.0,3.0,50.0,3085.63
California,Winton,4,1,3667.5,5005.4,56.04,3.25,25.0,73.11
California,Wishon,4,0,4625.25,10440.82,34.91,3.75,0.0,0.0
California,Witter Springs,4,1,4416.5,11090.78,63.46,2.75,25.0,756.83
California,Wofford Heights,3,0,4794.33,5320.95,33.85,4.67,0.0,0.0
California,Woodacre,4,1,4637.75,11115.32,64.46,3.0,25.0,1061.85
California,Woodbridge,4,1,5250.25,10636.33,62.41,3.0,25.0,5172.89
California,Woodlake,4,0,3933.5,16076.7,57.52,3.75,0.0,0.0
California,Woodland,8,3,3660.0,13886.78,55.26,2.5,37.5,978.4
California,Woodland Hills,10,1,4323.8,25650.91,51.08,4.0,10.0,811.17
California,Woody,4,2,3413.75,4646.63,49.74,3.75,50.0,4201.35
California,Wrightwood,4,4,4015.5,5173.4,66.81,1.75,100.0,5173.4
California,Yermo,4,1,3831.25,5708.28,64.31,3.5,25.0,914.32
California,Yorba Linda,8,3,4948.25,37748.05,73.3,3.12,37.5,8991.16
California,Yorkville,4,1,4720.5,17118.78,66.25,3.25,25.0,35.05
California,Yountville,4,0,3994.0,10708.49,52.74,4.0,0.0,0.0
California,Yreka,4,0,4757.5,17467.67,78.91,3.25,0.0,0.0
California,Yuba City,8,2,4222.0,17867.82,60.98,3.38,25.0,1361.81
California,Yucaipa,4,1,5012.5,29765.8,101.64,3.5,25.0,3833.65
California,Yucca Valley,5,0,3669.4,12374.69,72.38,3.6,0.0,0.0
California,Zenia,4,1,3995.0,12733.38,59.0,2.75,25.0,1670.65
