lat_grid,lon_grid,customers,churned_customers,avg_cltv,revenue,churn_rate_pct,revenue_at_risk
32.56,-117.04,5,1,3678.4,14807.46,20.0,1077.84
32.58,-117.12,4,1,3260.5,7851.71,25.0,818.93
32.58,-117.01,4,1,4878.5,6175.61,25.0,33.47
32.59,-116.64,5,0,4320.6,28014.16,0.0,0.0
32.61,-117.06,5,0,4409.8,12730.54,0.0,0.0
32.61,-116.98,4,1,5979.0,25278.92,25.0,6368.63
32.62,-116.69,4,0,3993.75,17888.52,0.0,0.0
32.62,-116.59,5,0,4912.0,25567.95,0.0,0.0
32.64,-117.05,4,1,5118.5,8447.73,25.0,168.92
32.64,-116.99,5,0,4581.2,13698.66,0.0,0.0
32.65,-116.22,2,0,3607.5,2040.07,0.0,0.0
32.67,-117.1,5,0,4740.4,17771.55,0.0,0.0
32.67,-117.0,4,1,3860.75,12247.85,25.0,665.67
32.67,-116.47,4,2,3630.5,3609.48,50.0,191.21
32.68,-117.05,5,1,3399.4,11793.71,20.0,1574.65
32.68,-116.3,3,0,3007.67,5002.44,0.0,0.0
32.69,-117.19,5,2,4367.0,19072.23,40.0,7669.95
32.69,-116.94,4,0,4776.25,15535.86,0.0,0.0
32.69,-115.43,5,1,4777.6,4624.68,20.0,312.44
32.7,-117.12,5,2,4616.2,14325.62,40.0,6339.28
32.7,-116.8,3,0,4774.67,18694.63,0.0,0.0
32.7,-115.89,4,1,5062.0,15191.79,25.0,108.33
32.71,-117.24,3,0,4437.67,4074.67,0.0,0.0
32.71,-117.06,5,1,5366.0,21267.37,20.0,2291.11
32.72,-117.12,4,0,3868.25,15376.37,0.0,0.0
32.73,-117.17,4,0,3198.25,6628.94,0.0,0.0
32.73,-117.03,5,0,4625.0,33843.03,0.0,0.0
32.73,-116.99,5,1,4256.8,14962.28,20.0,3977.83
32.73,-116.95,5,1,5010.8,12905.14,20.0,2833.01
32.73,-115.5,5,2,4961.8,17731.86,40.0,7376.58
32.74,-117.24,5,0,5603.4,35347.5,0.0,0.0
32.74,-117.13,3,1,3091.33,8727.43,33.33,3991.59
32.74,-117.09,2,0,4739.0,9990.64,0.0,0.0
32.75,-117.17,3,1,4017.33,6629.37,33.33,2173.37
32.76,-117.07,4,1,4530.5,15069.46,25.0,7508.66
32.76,-117.0,5,0,4335.2,15518.65,0.0,0.0
32.77,-117.2,4,1,4409.75,8414.19,25.0,1804.58
32.77,-117.14,3,1,4674.67,7223.92,33.33,557.03
32.77,-117.12,4,0,4316.5,24191.72,0.0,0.0
32.77,-115.61,5,1,3844.6,15315.31,20.0,327.71
32.78,-117.02,5,1,4621.4,19479.37,20.0,4428.28
32.79,-117.23,27,24,4073.56,56874.27,88.89,45052.15
32.79,-116.86,4,0,4202.25,8622.24,0.0,0.0
32.79,-115.69,4,3,4267.25,8354.08,75.0,7406.68
32.8,-117.03,5,1,4959.0,25899.2,20.0,5989.05
32.8,-116.97,4,0,4271.25,19919.59,0.0,0.0
32.8,-116.48,5,0,4259.2,13813.85,0.0,0.0
32.81,-117.17,5,2,4388.8,16750.88,40.0,601.04
32.81,-117.13,5,1,5126.2,11813.17,20.0,679.85
32.81,-117.06,5,1,4773.8,22982.68,20.0,5062.63
32.81,-115.15,2,0,5120.0,4156.83,0.0,0.0
32.83,-117.2,34,30,4501.09,79483.33,88.24,66875.02
32.83,-117.09,5,1,5159.4,19304.5,20.0,853.0
32.83,-116.87,4,0,4118.25,15972.08,0.0,0.0
32.83,-116.7,5,3,4616.8,11379.36,60.0,781.86
32.83,-116.44,4,2,3343.0,15030.32,50.0,6694.57
32.85,-117.25,4,0,4208.75,11349.68,0.0,0.0
32.85,-117.0,3,0,5493.0,5776.57,0.0,0.0
32.85,-114.85,4,0,3874.0,13505.99,0.0,0.0
32.86,-117.21,36,33,3915.17,74052.78,91.67,73064.56
32.86,-116.56,4,2,3481.0,8815.6,50.0,4660.07
32.86,-115.66,4,1,5510.25,15793.95,25.0,344.27
32.89,-117.15,32,28,4512.31,77047.67,87.5,56705.51
32.89,-117.09,5,0,4679.8,21222.5,0.0,0.0
32.9,-117.2,20,17,4499.1,28203.47,85.0,18781.41
32.91,-116.91,4,0,5156.0,17122.65,0.0,0.0
32.91,-116.64,5,0,4177.2,17849.42,0.0,0.0
32.95,-117.26,3,1,5244.0,23665.85,33.33,6085.89
32.96,-117.2,22,20,4473.14,58251.59,90.91,51348.08
32.96,-117.13,16,15,3923.56,35295.82,93.75,33770.47
32.98,-117.01,5,1,4675.2,25890.39,20.0,8950.8
32.98,-116.26,4,1,4798.5,5749.22,25.0,442.7
32.99,-117.21,4,0,4663.5,8568.09,0.0,0.0
33.0,-117.26,4,1,4853.0,16799.09,25.0,5370.42
33.0,-117.07,5,1,4346.2,6096.55,20.0,328.95
33.01,-117.2,5,0,4745.6,14247.46,0.0,0.0
33.02,-117.27,4,0,4714.0,22786.5,0.0,0.0
33.02,-117.12,5,1,3556.4,9901.08,20.0,60.93
33.04,-116.83,4,0,4189.5,17799.26,0.0,0.0
33.04,-115.61,4,1,4135.25,11800.84,25.0,111.75
33.04,-115.19,5,1,4019.0,24456.55,20.0,9310.25
33.05,-117.26,4,1,3394.75,8388.25,25.0,261.81
33.08,-117.13,4,1,5059.75,13152.81,25.0,73.79
33.08,-117.03,5,0,5139.8,11533.8,0.0,0.0
33.1,-117.26,4,1,3834.75,5911.53,25.0,36.55
33.12,-117.17,4,1,4981.25,11675.5,25.0,1185.05
33.14,-116.97,38,15,4297.0,121684.46,39.47,38796.1
33.14,-115.5,5,1,4831.8,25101.07,20.0,269.81
33.15,-117.31,4,1,4782.0,10375.06,25.0,91.38
33.16,-117.17,4,0,3997.5,13344.27,0.0,0.0
33.17,-117.24,4,0,4887.25,8321.05,0.0,0.0
33.17,-116.74,5,0,4132.2,20652.32,0.0,0.0
33.19,-117.29,3,0,4782.0,10006.78,0.0,0.0
33.2,-116.19,3,0,3535.33,6387.59,0.0,0.0
33.22,-117.12,4,0,3652.0,9528.73,0.0,0.0
33.22,-116.54,4,0,4884.0,23849.28,0.0,0.0
33.23,-117.2,5,1,4123.2,9407.87,20.0,25.25
33.25,-117.29,3,1,4390.0,10699.64,33.33,258.69
33.25,-116.99,3,0,3535.33,3531.15,0.0,0.0
33.28,-115.96,5,0,3904.4,10890.0,0.0,0.0
33.29,-117.2,4,1,3788.75,6664.66,25.0,810.7
33.31,-116.94,3,1,3354.33,5461.08,33.33,3821.22
33.31,-116.82,3,1,5364.33,14296.93,33.33,30.5
33.32,-116.63,5,0,3997.2,15279.29,0.0,0.0
33.32,-114.76,5,0,5646.0,26295.98,0.0,0.0
33.35,-117.42,5,0,4684.0,10346.65,0.0,0.0
33.35,-115.6,3,0,5846.67,12041.67,0.0,0.0
33.36,-117.3,43,26,4531.28,93409.28,60.47,34691.78
33.38,-117.07,4,1,5805.5,14726.73,25.0,128.82
33.39,-118.42,5,2,3629.4,2120.58,40.0,1587.36
33.43,-117.61,4,0,5434.75,13746.01,0.0,0.0
33.46,-117.67,4,1,4669.0,20895.37,25.0,926.88
33.47,-117.58,4,0,4807.25,10427.33,0.0,0.0
33.48,-117.71,4,2,4410.0,694.86,50.0,182.21
33.48,-117.22,4,2,4504.0,21964.4,50.0,5995.68
33.48,-116.83,4,1,4501.0,10033.52,25.0,595.48
33.51,-117.03,30,18,4353.8,79604.44,60.0,34069.04
33.52,-117.6,4,0,4095.25,8930.29,0.0,0.0
33.53,-117.7,4,0,3819.25,9258.79,0.0,0.0
33.53,-116.67,4,2,4765.5,12629.07,50.0,5383.3
33.54,-117.11,4,2,4337.25,17699.43,50.0,4037.69
33.54,-116.29,3,2,4558.67,6572.46,66.67,6439.25
33.54,-116.12,4,1,4099.25,9232.19,25.0,130.39
33.54,-115.99,5,0,4581.0,23249.41,0.0,0.0
33.55,-117.33,4,0,4899.25,25719.72,0.0,0.0
33.57,-117.77,4,1,3491.5,12527.58,25.0,4996.18
33.57,-117.73,4,0,5056.25,26807.83,0.0,0.0
33.57,-117.64,4,1,4318.5,11547.11,25.0,363.93
33.58,-117.15,4,2,4025.5,11110.38,50.0,7152.81
33.6,-117.9,4,2,5953.0,18701.45,50.0,10903.16
33.6,-117.86,4,3,3673.5,7462.65,75.0,1675.95
33.6,-117.82,4,1,4728.0,22409.55,25.0,9441.18
33.61,-117.89,4,1,5371.75,20900.73,25.0,899.72
33.61,-117.72,4,0,4412.75,9376.75,0.0,0.0
33.61,-117.67,4,0,5062.75,25000.84,0.0,0.0
33.61,-117.64,4,1,4395.5,14302.94,25.0,72.39
33.62,-117.93,4,1,3125.25,1427.42,25.0,118.15
33.62,-117.61,4,1,5288.75,17971.94,25.0,1672.17
33.62,-117.25,4,0,5055.25,20900.17,0.0,0.0
33.63,-117.87,4,1,5502.0,6282.62,25.0,341.15
33.63,-117.57,4,2,3958.25,7153.76,50.0,5385.35
33.64,-117.81,4,1,3664.0,5801.16,25.0,115.52
33.64,-117.68,4,2,3720.5,4583.73,50.0,2307.85
33.64,-116.87,4,1,4431.75,17334.16,25.0,2837.0
33.64,-116.56,4,0,3944.75,12391.03,0.0,0.0
33.65,-117.92,4,2,5051.75,7910.5,50.0,3006.7
33.65,-117.18,4,0,5111.25,13275.36,0.0,0.0
33.66,-117.39,4,1,5127.25,6040.72,25.0,347.25
33.66,-117.04,4,0,4059.0,14311.49,0.0,0.0
33.67,-117.97,4,1,4215.0,8321.6,25.0,597.0
33.67,-117.73,4,0,5185.75,14872.52,0.0,0.0
33.67,-114.72,4,0,3791.5,7148.88,0.0,0.0
33.68,-118.02,4,2,4197.5,14764.47,50.0,6737.95
33.68,-117.91,4,1,5018.25,21358.95,25.0,3418.1
33.68,-117.83,4,0,3731.75,13042.87,0.0,0.0
33.68,-116.17,4,0,4873.0,10923.14,0.0,0.0
33.69,-117.79,4,0,4774.75,6913.29,0.0,0.0
33.69,-116.41,5,0,4095.4,16035.01,0.0,0.0
33.7,-117.82,4,1,4191.0,11439.51,25.0,222.39
33.7,-117.68,4,2,5150.5,12304.66,50.0,2370.33
33.7,-117.25,4,1,4362.5,10514.0,25.0,4285.06
33.7,-116.31,5,1,4366.0,9845.78,20.0,2031.17
33.71,-117.95,4,0,4940.0,22890.3,0.0,0.0
33.71,-117.87,4,2,4487.5,9778.16,50.0,8345.9
33.71,-117.32,4,1,5156.25,12759.59,25.0,100.11
33.71,-117.2,4,2,3962.25,6276.86,50.0,5229.73
33.71,-116.24,4,2,3889.25,9975.35,50.0,3739.08
33.72,-118.07,5,2,2865.2,6906.23,40.0,439.87
33.72,-118.04,4,0,4989.0,16574.4,0.0,0.0
33.72,-118.01,4,1,4758.5,15689.15,25.0,7767.97
33.72,-117.91,4,0,5352.75,11553.88,0.0,0.0
33.72,-117.75,4,2,4986.0,10928.1,50.0,4681.22
33.72,-117.73,4,1,4733.25,21038.47,25.0,6002.35
33.73,-118.09,5,0,4705.4,20197.89,0.0,0.0
33.73,-117.04,4,0,4814.75,13462.24,0.0,0.0
33.74,-118.31,5,1,4894.4,24894.21,20.0,382.77
33.74,-118.28,5,1,4711.2,25014.85,20.0,948.77
33.74,-117.99,4,1,4655.25,18070.87,25.0,559.67
33.74,-117.82,4,1,4129.0,11770.77,25.0,69.99
33.74,-117.79,4,0,4770.5,18811.88,0.0,0.0
33.74,-117.17,4,0,4816.25,16448.67,0.0,0.0
33.74,-116.97,4,1,4000.75,8573.85,25.0,251.88
33.75,-118.37,5,0,3675.0,17616.95,0.0,0.0
33.75,-118.21,5,2,4589.8,19131.29,40.0,7867.25
33.75,-118.07,5,2,4370.2,16886.91,40.0,2838.55
33.75,-117.99,4,0,4825.75,14575.43,0.0,0.0
33.75,-117.91,4,0,4844.25,9923.65,0.0,0.0
33.75,-117.86,4,1,4069.0,17772.91,25.0,3894.75
33.75,-116.51,5,1,4197.4,12628.11,20.0,843.0
33.75,-116.23,5,0,4611.2,24073.39,0.0,0.0
33.76,-118.13,5,0,4531.4,6115.48,0.0,0.0
33.76,-117.93,4,1,4661.25,15685.85,25.0,3258.69
33.76,-117.49,4,1,4487.5,5922.72,25.0,1250.28
33.76,-117.12,4,2,4821.25,1400.54,50.0,289.85
33.76,-116.74,4,1,4889.75,10369.95,25.0,719.57
33.76,-116.43,5,2,4360.0,14294.74,40.0,190.39
33.76,-116.32,3,2,4304.33,6158.78,66.67,4001.67
33.77,-118.14,5,1,4799.6,18547.72,20.0,734.36
33.77,-117.97,4,1,4752.0,23054.5,25.0,405.84
33.77,-117.88,4,1,4136.75,8418.47,25.0,1251.25
33.77,-117.79,4,2,3939.25,22882.52,50.0,9854.93
33.78,-118.26,5,0,4387.8,23415.99,0.0,0.0
33.78,-118.2,5,1,4633.4,20928.02,20.0,2784.16
33.78,-118.15,5,2,3242.2,10597.15,40.0,870.24
33.78,-118.12,5,1,4982.8,17355.36,20.0,100.03
33.78,-118.03,4,1,4142.75,3961.95,25.0,128.33
33.78,-117.84,4,0,4987.0,7905.32,0.0,0.0
33.78,-117.64,4,2,4575.5,10801.05,50.0,3576.72
33.79,-118.4,5,0,4530.8,10995.19,0.0,0.0
33.79,-118.32,5,2,5178.6,15900.86,40.0,1863.84
33.79,-118.07,5,1,3983.8,15896.67,20.0,85.73
33.79,-117.98,4,1,4055.75,14337.47,25.0,288.9
33.79,-117.93,4,0,5056.25,22131.69,0.0,0.0
33.79,-117.88,4,1,4582.25,8087.35,25.0,1374.89
33.79,-117.79,4,1,4479.75,6728.29,25.0,108.95
33.79,-117.32,4,1,3666.75,7467.99,25.0,123.15
33.8,-118.3,5,2,3967.8,14753.57,40.0,1404.03
33.8,-118.18,5,0,5493.6,20919.18,0.0,0.0
33.8,-118.12,5,0,3530.0,15679.51,0.0,0.0
33.8,-118.0,5,1,4074.2,12752.31,20.0,551.95
33.8,-116.92,4,1,4584.75,10585.57,25.0,572.3
33.81,-118.35,5,1,4960.0,20763.6,20.0,8694.12
33.81,-117.92,4,0,4246.25,9146.02,0.0,0.0
33.81,-117.02,4,1,4791.25,12944.39,25.0,3454.45
33.82,-118.26,5,2,4283.4,14278.28,40.0,1406.62
33.82,-118.22,5,3,4093.0,10177.6,60.0,3027.74
33.82,-118.11,5,2,4815.2,18234.95,40.0,5895.17
33.82,-118.04,5,0,5063.2,14640.78,0.0,0.0
33.82,-117.97,4,1,4432.5,7342.93,25.0,1012.8
33.82,-117.82,4,0,4734.5,15605.47,0.0,0.0
33.82,-117.81,4,0,2956.75,5546.15,0.0,0.0
33.82,-117.6,4,1,4664.75,20910.31,25.0,6818.54
33.83,-118.38,5,1,4199.2,10509.48,20.0,196.15
33.83,-118.31,5,2,4212.6,11165.23,40.0,8091.03
33.83,-118.29,5,2,5011.4,9393.98,40.0,354.02
33.83,-118.18,5,2,4048.0,10138.4,40.0,7037.79
33.83,-118.07,5,1,5151.6,20715.68,20.0,7699.72
33.83,-117.91,4,2,4439.75,4587.78,50.0,763.41
33.83,-117.85,4,1,5086.5,10732.48,25.0,103.92
33.83,-117.51,4,0,4451.0,13184.61,0.0,0.0
33.83,-117.2,4,1,3666.5,4391.28,25.0,2118.89
33.83,-117.1,4,1,4707.0,16333.21,25.0,557.88
33.83,-116.47,5,0,3864.6,27788.54,0.0,0.0
33.83,-116.25,5,2,4075.6,12577.96,40.0,7301.75
33.84,-118.35,5,1,5501.4,19273.22,20.0,8145.85
33.84,-118.15,7,6,3181.57,17533.02,85.71,12657.16
33.84,-118.08,5,0,4743.8,22058.43,0.0,0.0
33.84,-117.95,4,0,4042.25,11754.65,0.0,0.0
33.84,-117.87,4,1,4353.75,16984.75,25.0,79.43
33.84,-116.66,4,1,4384.25,5277.7,25.0,1232.14
33.85,-118.11,5,2,4696.2,16920.1,40.0,8332.81
33.85,-118.04,5,3,4778.4,24177.38,60.0,5017.03
33.85,-118.01,5,2,4393.6,15513.5,40.0,6010.02
33.85,-117.79,4,2,4028.75,10717.53,50.0,643.56
33.85,-117.73,4,1,2944.5,6380.36,25.0,1093.14
33.85,-116.38,5,1,4629.6,2375.07,20.0,101.4
33.86,-118.25,5,0,4399.6,6156.16,0.0,0.0
33.86,-118.18,5,1,5171.6,18112.46,20.0,233.48
33.87,-118.4,5,3,4311.8,5655.55,60.0,877.8
33.87,-118.37,5,0,4745.6,13354.14,0.0,0.0
33.87,-118.33,5,2,3345.6,17399.87,40.0,8249.77
33.87,-118.08,5,0,4982.4,29776.98,0.0,0.0
33.87,-118.07,5,1,3946.0,6270.77,20.0,2073.45
33.87,-117.99,5,2,4536.4,10344.74,40.0,1713.2
33.87,-117.93,4,0,4945.0,7648.06,0.0,0.0
33.88,-118.28,5,1,4581.0,10230.38,20.0,99.99
33.88,-118.23,5,0,4254.2,18818.77,0.0,0.0
33.88,-117.96,4,1,4718.75,26285.27,25.0,9202.19
33.88,-117.9,4,1,4759.75,22424.89,25.0,10351.16
33.88,-117.85,4,1,5237.25,24916.23,25.0,106.84
33.88,-117.73,4,2,4568.0,15523.81,50.0,8651.6
33.88,-117.22,4,1,4672.5,11577.95,25.0,209.37
33.89,-118.4,5,0,4103.0,4242.92,0.0,0.0
33.89,-118.35,5,2,4361.6,11240.74,40.0,1895.4
33.89,-118.3,5,0,3438.8,14460.16,0.0,0.0
33.89,-118.21,5,2,5160.8,7927.75,40.0,585.63
33.89,-118.13,5,2,4850.2,13276.02,40.0,5256.39
33.89,-117.53,4,0,4067.5,8906.54,0.0,0.0
33.89,-117.46,4,2,4501.25,5745.55,50.0,984.18
33.89,-117.32,4,1,5175.5,14826.1,25.0,1548.33
33.89,-117.28,4,2,5051.75,13097.17,50.0,8712.93
33.89,-115.26,5,2,4668.2,15707.7,40.0,3737.87
33.9,-118.32,5,0,4293.4,14812.67,0.0,0.0
33.9,-118.16,5,1,4643.8,20085.71,20.0,127.5
33.9,-118.01,5,0,3671.4,12774.78,0.0,0.0
33.9,-117.91,4,0,4963.5,12839.75,0.0,0.0
33.9,-117.79,4,1,5328.5,22224.24,25.0,339.56
33.91,-118.35,5,1,4376.6,18670.29,20.0,81.9
33.91,-118.24,5,0,4555.8,16396.26,0.0,0.0
33.91,-118.08,5,0,4562.0,16280.54,0.0,0.0
33.91,-117.4,4,0,4326.75,19837.55,0.0,0.0
33.91,-117.11,4,2,4455.25,19439.86,50.0,4071.14
33.91,-116.57,4,2,4246.75,10987.9,50.0,6237.88
33.92,-118.4,5,1,4708.6,17980.22,20.0,684.93
33.92,-118.27,5,1,3897.6,17014.31,20.0,1485.8
33.92,-118.2,5,2,4111.8,11120.36,40.0,996.53
33.92,-118.14,5,1,3559.4,10862.8,20.0,368.06
33.92,-117.79,4,2,3488.5,11161.1,50.0,9074.94
33.92,-117.62,4,0,4398.0,19050.05,0.0,0.0
33.92,-117.49,4,1,4252.25,14904.62,25.0,146.95
33.92,-117.24,4,0,4228.0,16124.73,0.0,0.0
33.93,-118.25,5,3,4217.6,14548.88,60.0,7799.49
33.93,-118.06,5,1,4659.0,19107.79,20.0,3222.68
33.93,-118.01,5,0,4213.0,19387.36,0.0,0.0
33.93,-117.86,4,2,4622.5,708.35,50.0,143.29
33.93,-117.56,4,1,4971.25,9820.3,25.0,1148.63
33.93,-117.36,4,2,4684.25,12156.49,50.0,3983.24
33.93,-116.76,5,1,4431.0,18472.41,20.0,106.85
33.94,-118.36,5,1,4790.2,13456.3,20.0,1587.23
33.94,-118.33,5,2,5103.6,9501.77,40.0,4574.57
33.94,-118.19,5,0,4278.8,34081.85,0.0,0.0
33.94,-118.13,5,1,3612.8,25181.91,20.0,6045.77
33.94,-117.95,5,2,5030.6,7926.81,40.0,367.27
33.94,-117.73,5,0,5488.2,24937.87,0.0,0.0
33.94,-116.85,5,1,3817.2,17745.5,20.0,2152.53
33.95,-118.44,5,0,4488.0,19276.14,0.0,0.0
33.95,-118.4,5,1,4671.2,11231.06,20.0,34.7
33.95,-118.29,5,1,4458.0,26937.02,20.0,176.56
33.95,-118.25,4,0,3627.0,10993.22,0.0,0.0
33.95,-117.99,5,1,4660.6,27029.71,20.0,3923.45
33.95,-116.98,5,1,3841.8,24682.58,20.0,4041.42
33.95,-116.52,4,0,3414.5,13518.07,0.0,0.0
33.96,-118.36,5,1,4509.0,13079.83,20.0,285.15
33.96,-118.33,5,0,5474.2,23141.76,0.0,0.0
33.96,-118.31,5,1,4847.4,12344.23,20.0,307.64
33.96,-118.27,5,1,4625.2,7515.26,20.0,129.09
33.96,-118.12,5,1,5125.8,7092.62,20.0,911.85
33.96,-118.03,5,1,5402.4,18444.6,20.0,6344.68
33.97,-118.25,4,1,4036.0,10311.77,25.0,784.63
33.97,-118.17,5,0,4357.8,19280.24,0.0,0.0
33.97,-118.02,5,2,3855.0,17686.88,40.0,3556.9
33.97,-117.26,4,2,4673.0,17291.24,50.0,1352.09
33.97,-116.65,5,2,4604.2,28579.05,40.0,17607.51
33.98,-118.45,5,3,4251.6,13932.68,60.0,1786.05
33.98,-118.36,5,1,5154.2,13842.89,20.0,588.48
33.98,-118.22,5,3,4729.0,8824.98,60.0,2145.88
33.98,-118.07,5,1,5640.0,23360.37,20.0,1309.45
33.98,-117.9,5,3,4471.4,14577.82,60.0,6104.52
33.98,-117.32,4,0,4123.75,13245.74,0.0,0.0
33.98,-117.06,4,1,4632.25,7518.24,25.0,90.6
33.99,-118.48,5,1,5544.4,38683.94,20.0,8533.01
33.99,-118.4,5,2,4050.6,3306.86,40.0,969.71
33.99,-118.37,5,3,5331.2,7331.92,60.0,2094.5
33.99,-118.33,5,1,3282.2,9133.99,20.0,1104.2
33.99,-118.19,5,0,4794.4,15379.95,0.0,0.0
33.99,-118.15,5,0,3872.6,14633.99,0.0,0.0
33.99,-118.09,5,2,4042.6,16354.12,40.0,3508.12
33.99,-117.81,5,0,4026.0,13386.47,0.0,0.0
33.99,-117.66,5,2,4486.8,17614.75,40.0,10255.81
33.99,-117.37,4,0,4439.5,4872.14,0.0,0.0
34.0,-118.43,5,2,4546.2,13576.0,40.0,1936.06
34.0,-118.31,5,3,4175.6,3311.92,60.0,502.88
34.0,-118.29,5,2,4188.6,6111.45,40.0,3501.9
34.0,-118.22,5,2,4157.6,26380.85,40.0,14469.71
34.0,-117.97,5,1,5044.0,14649.86,20.0,247.05
34.0,-117.54,5,1,3828.0,10848.49,20.0,1435.03
34.0,-117.45,4,2,5086.5,3026.55,50.0,213.06
34.0,-117.14,4,2,3864.25,12956.61,50.0,6014.43
34.01,-118.48,5,2,4941.2,15268.36,40.0,2516.09
34.01,-118.35,5,0,3911.0,12942.6,0.0,0.0
34.01,-118.26,5,1,3792.0,20619.85,20.0,305.1
34.01,-118.03,5,0,4866.6,22949.85,0.0,0.0
34.02,-118.49,5,0,4958.6,19525.23,0.0,0.0
34.02,-118.39,5,1,3079.6,5315.9,20.0,155.68
34.02,-118.2,5,2,4445.0,16133.89,40.0,5166.9
34.02,-118.16,5,1,4977.4,12819.84,20.0,59.65
34.02,-118.11,5,1,4273.6,20280.48,20.0,5880.09
34.02,-117.9,5,1,3467.4,11438.46,20.0,482.41
34.02,-117.85,5,2,4424.0,6605.88,40.0,567.24
34.03,-118.49,5,2,4524.0,15434.17,40.0,8808.11
34.03,-118.47,5,0,4789.4,31048.3,0.0,0.0
34.03,-118.4,5,0,4735.4,12974.96,0.0,0.0
34.03,-118.35,4,1,4234.25,3693.68,25.0,295.25
34.03,-118.32,5,0,4407.2,18824.83,0.0,0.0
34.03,-118.29,5,2,4278.6,13417.16,40.0,6482.62
34.03,-118.24,5,0,5106.6,24715.63,0.0,0.0
34.03,-117.94,4,3,5654.5,571.57,75.0,404.37
34.03,-117.31,4,0,3920.5,18227.95,0.0,0.0
34.03,-117.27,4,1,4425.75,12800.22,25.0,44.92
34.04,-119.8,4,1,5099.5,9710.43,25.0,93.83
34.04,-118.71,5,1,3714.4,18245.2,20.0,258.87
34.04,-118.5,5,1,4707.8,19185.7,20.0,4126.2
34.04,-118.42,5,0,4490.6,27722.21,0.0,0.0
34.04,-118.27,5,1,4805.0,17328.41,20.0,7208.47
34.04,-118.25,4,1,4772.25,15701.65,25.0,4763.78
34.04,-118.24,5,2,4107.6,14985.91,40.0,6054.4
34.04,-118.19,5,2,5361.0,21994.87,40.0,1096.88
34.04,-117.99,5,3,4273.0,11599.37,60.0,3022.99
34.04,-117.76,5,1,4346.8,11112.76,20.0,24.8
34.04,-117.59,5,1,5118.6,9136.75,20.0,57.85
34.05,-118.45,5,1,4777.8,22840.67,20.0,3669.72
34.05,-118.38,5,0,4228.2,9250.02,0.0,0.0
34.05,-118.34,4,0,4200.75,15745.82,0.0,0.0
34.05,-118.29,5,1,4006.0,5476.98,20.0,917.7
34.05,-118.26,9,3,3928.78,28479.4,33.33,2619.27
34.05,-118.21,5,1,5336.6,26931.13,20.0,5001.08
34.05,-118.15,5,1,4462.0,23808.97,20.0,5630.03
34.05,-118.12,5,0,4642.4,35032.37,0.0,0.0
34.05,-118.05,5,1,4142.4,20236.0,20.0,1428.82
34.05,-117.47,4,2,3956.25,7995.38,50.0,863.13
34.05,-117.26,4,0,3742.0,9753.3,0.0,0.0
34.05,-117.01,4,1,5012.5,29765.8,25.0,3833.65
34.06,-118.41,5,0,4031.6,19772.52,0.0,0.0
34.06,-118.4,5,0,5366.6,6458.55,0.0,0.0
34.06,-118.38,5,1,4659.4,10230.12,20.0,1102.14
34.06,-118.32,4,2,3841.5,7117.33,50.0,5473.7
34.06,-118.31,4,2,4162.0,12134.92,50.0,5932.59
34.06,-118.28,5,1,4255.2,16350.7,20.0,116.48
34.06,-117.89,5,1,4510.0,24047.7,20.0,1796.96
34.06,-117.67,5,1,4078.6,21976.95,20.0,2656.55
34.06,-117.39,3,1,5275.67,7609.51,33.33,753.35
34.06,-117.17,3,1,5231.0,3376.76,33.33,100.4
34.07,-118.83,5,1,4783.8,13268.81,20.0,51.95
34.07,-118.44,5,3,4010.0,6104.89,60.0,2818.09
34.07,-118.37,5,2,5269.6,13693.87,40.0,2557.03
34.07,-118.35,5,1,4307.8,4715.02,20.0,990.41
34.07,-118.24,5,1,4662.2,9694.01,20.0,480.3
34.07,-118.15,5,2,3981.8,5444.7,40.0,354.42
34.07,-118.08,5,3,4298.0,17641.68,60.0,9290.02
34.07,-118.01,5,3,4855.8,12523.32,60.0,11022.59
34.07,-117.94,5,1,4091.0,15639.75,20.0,1015.34
34.07,-117.79,5,2,4707.2,23779.19,40.0,7417.7
34.07,-117.7,5,1,5016.2,20278.91,20.0,91.22
34.07,-117.61,5,2,3458.4,5347.36,40.0,2522.9
34.07,-116.9,4,0,5343.0,16564.8,0.0,0.0
34.08,-118.55,5,2,4056.2,13773.19,40.0,2309.68
34.08,-118.31,5,2,4238.4,9494.04,40.0,291.12
34.08,-118.26,5,1,3687.2,8230.18,20.0,3679.78
34.08,-118.18,5,1,4460.6,19597.35,20.0,1782.45
34.08,-118.05,5,3,4449.2,14750.03,60.0,2934.61
34.08,-117.89,5,1,4643.4,14921.39,20.0,59.9
34.08,-117.85,5,0,4670.2,21499.52,0.0,0.0
34.08,-117.74,5,2,4871.8,18154.72,40.0,8721.78
34.08,-117.26,4,2,3592.25,13222.41,50.0,6472.66
34.09,-118.49,5,2,4579.2,12495.26,40.0,813.69
34.09,-118.38,5,1,4413.2,20321.12,20.0,1132.09
34.09,-118.33,5,1,4848.2,26375.4,20.0,7015.27
34.09,-118.29,5,2,3339.6,4017.48,40.0,1667.6
34.09,-118.21,5,1,4631.6,14929.7,20.0,94.52
34.09,-118.13,4,1,3608.5,3847.91,25.0,458.55
34.09,-118.1,5,1,4370.4,7521.75,20.0,1132.34
34.09,-117.46,4,0,4476.25,13763.6,0.0,0.0
34.1,-118.45,5,0,4611.0,20585.57,0.0,0.0
34.1,-118.41,5,0,3983.0,20459.49,0.0,0.0
34.1,-118.33,6,5,4904.17,30003.28,83.33,22788.79
34.1,-118.06,5,0,4543.6,13559.77,0.0,0.0
34.1,-117.97,5,0,4218.6,34994.71,0.0,0.0
34.1,-117.91,5,2,4205.8,8653.59,40.0,1612.27
34.1,-117.82,8,7,3843.0,17296.75,87.5,17241.96
34.1,-117.58,5,1,4546.6,22021.07,20.0,2949.4
34.1,-117.04,4,1,4379.25,25461.33,25.0,79.74
34.1,-116.59,5,0,4449.4,20218.44,0.0,0.0
34.11,-119.1,4,1,4171.5,9467.09,25.0,249.88
34.11,-118.36,5,0,4478.4,15559.69,0.0,0.0
34.11,-118.26,5,2,3971.2,10717.06,40.0,1035.1
34.11,-118.23,5,1,4061.2,7993.0,20.0,1910.88
34.11,-118.16,5,3,3100.6,11365.78,60.0,10223.49
34.11,-118.09,4,1,4348.0,10741.3,25.0,1050.92
34.11,-117.66,5,0,3988.6,8764.3,0.0,0.0
34.11,-117.38,4,0,4654.0,15799.4,0.0,0.0
34.11,-117.3,4,1,4906.5,9008.22,25.0,88.37
34.11,-117.29,4,2,4872.5,12308.9,50.0,9321.67
34.12,-118.61,5,1,4105.4,24230.02,20.0,63.72
34.12,-118.19,5,2,5429.0,14686.01,40.0,2094.55
34.12,-118.11,5,2,3951.2,6503.72,40.0,2238.56
34.12,-117.86,5,1,4447.0,13452.96,20.0,77.75
34.12,-117.32,4,1,4291.0,11783.27,25.0,36.9
34.13,-118.89,5,1,4695.4,9047.57,20.0,386.33
34.13,-118.76,5,2,4507.2,10641.88,40.0,9785.04
34.13,-118.68,5,0,4453.0,14108.78,0.0,0.0
34.13,-118.3,5,2,3249.2,4823.47,40.0,810.86
34.13,-118.05,5,1,4013.2,10944.19,20.0,472.7
34.13,-117.72,5,2,4315.4,17983.08,40.0,4429.87
34.13,-117.61,5,0,4502.0,30911.91,0.0,0.0
34.13,-117.52,5,1,3397.6,12683.64,20.0,996.95
34.13,-117.15,3,0,3929.67,1193.64,0.0,0.0
34.14,-118.39,5,0,4909.0,7699.01,0.0,0.0
34.14,-118.33,5,1,4981.6,8625.01,20.0,99.26
34.14,-118.26,5,2,4655.8,20278.45,40.0,895.66
34.14,-118.25,5,1,4898.8,8459.36,20.0,733.35
34.14,-118.21,5,2,3877.6,21034.09,40.0,6670.01
34.14,-118.17,5,2,3973.6,9885.01,40.0,5215.21
34.14,-118.13,5,1,4456.6,13562.73,20.0,1806.75
34.14,-118.03,5,0,4067.8,9260.93,0.0,0.0
34.14,-117.77,5,0,4769.0,18079.88,0.0,0.0
34.14,-117.66,5,0,4401.2,7144.97,0.0,0.0
34.14,-117.46,4,1,3943.75,8415.48,25.0,488.66
34.14,-117.3,4,1,3648.5,10802.36,25.0,59.88
34.14,-114.37,5,0,4572.2,13674.94,0.0,0.0
34.15,-118.59,5,0,4539.2,14295.39,0.0,0.0
34.15,-118.52,5,1,4981.0,10962.5,20.0,36.41
34.15,-118.49,5,0,4634.2,13132.17,0.0,0.0
34.15,-118.46,5,1,4253.2,14613.22,20.0,434.24
34.15,-118.43,5,3,4852.4,12380.39,60.0,2451.93
34.15,-118.36,5,0,3881.2,15795.92,0.0,0.0
34.15,-118.26,5,2,4001.0,8386.31,40.0,205.42
34.15,-118.14,5,0,4332.8,19089.96,0.0,0.0
34.15,-118.0,5,1,4593.2,9557.28,20.0,398.26
34.15,-117.96,5,2,4029.8,5059.14,40.0,4695.06
34.15,-117.85,5,1,3469.0,12239.29,20.0,2716.96
34.16,-119.12,4,0,4157.5,14809.42,0.0,0.0
34.16,-118.55,5,2,4101.4,20718.66,40.0,12742.52
34.16,-118.2,5,3,4906.0,6410.76,60.0,5694.59
34.16,-118.09,5,3,4164.0,12567.13,60.0,11662.41
34.16,-117.4,4,2,4143.5,1602.62,50.0,1308.36
34.16,-116.43,5,0,3669.4,12374.69,0.0,0.0
34.17,-118.95,5,0,4797.0,11564.26,0.0,0.0
34.17,-118.4,5,1,3653.8,17966.79,20.0,3135.22
34.17,-118.37,4,3,3893.25,6054.27,75.0,3212.66
34.17,-118.35,5,0,4550.0,10172.52,0.0,0.0
34.17,-118.32,5,0,5060.6,20712.24,0.0,0.0
34.17,-118.29,5,0,4172.2,11374.06,0.0,0.0
34.17,-118.27,5,2,4169.2,6542.78,40.0,2590.83
34.17,-118.17,5,2,3658.0,13260.46,40.0,7472.75
34.17,-118.12,5,1,4771.8,12873.9,20.0,226.45
34.17,-118.06,5,1,5318.6,17267.0,20.0,2610.25
34.17,-117.87,5,1,5277.4,27059.79,20.0,5716.42
34.17,-116.86,4,1,3559.25,744.72,25.0,97.72
34.17,-116.28,4,0,4486.25,13463.3,0.0,0.0
34.18,-119.22,4,1,4263.0,8574.5,25.0,3204.15
34.18,-118.62,5,1,4108.4,11355.52,20.0,811.17
34.18,-118.46,5,3,3717.0,13053.85,60.0,3785.6
34.18,-118.43,5,1,3906.4,13731.13,20.0,330.7
34.18,-118.31,5,2,4672.2,24662.49,40.0,5877.44
34.18,-118.26,5,2,3820.8,12983.7,40.0,56.85
34.18,-117.22,4,1,4200.0,18433.4,25.0,7746.65
34.19,-118.82,5,1,5273.8,15249.1,20.0,8373.29
34.19,-118.78,5,0,4311.8,23148.78,0.0,0.0
34.19,-118.39,5,1,4262.4,16845.48,20.0,60.34
34.19,-118.3,5,3,4801.0,17049.39,60.0,8454.66
34.19,-117.08,4,3,5434.25,13859.07,75.0,12047.73
34.2,-118.68,5,0,4459.8,17335.95,0.0,0.0
34.2,-118.6,5,1,2977.0,12119.49,20.0,932.54
34.2,-118.54,5,2,5211.0,15459.5,40.0,571.55
34.2,-118.49,5,0,3809.8,6239.46,0.0,0.0
34.2,-118.45,5,0,4313.2,20847.15,0.0,0.0
34.2,-118.24,5,1,4223.8,16342.13,20.0,445.85
34.2,-118.14,5,1,4095.2,9484.84,20.0,2290.92
34.2,-116.59,5,0,4363.4,31372.38,0.0,0.0
34.21,-118.99,4,1,3775.0,20095.03,25.0,2770.35
34.21,-118.88,5,1,4611.6,13211.35,20.0,2549.61
34.21,-118.58,5,1,5751.8,18742.85,20.0,1427.72
34.21,-118.4,6,5,4806.67,6683.71,83.33,5046.76
34.21,-118.32,5,1,3561.2,6680.29,20.0,111.45
34.21,-118.23,5,1,5195.0,17717.37,20.0,1267.3
34.22,-119.18,4,2,4065.5,5689.69,50.0,5234.69
34.22,-118.63,5,2,3900.0,14013.37,40.0,887.32
34.23,-119.08,4,3,3979.0,9006.33,75.0,1956.98
34.23,-118.34,5,1,4290.6,21274.76,20.0,184.12
34.23,-118.15,5,1,4410.8,23680.06,20.0,5300.09
34.23,-117.66,5,0,3150.0,8628.56,0.0,0.0
34.24,-118.55,5,1,3370.0,20582.41,20.0,1826.97
34.24,-118.52,5,1,4025.6,12176.95,20.0,78.75
34.24,-118.48,5,1,4013.8,14921.48,20.0,3147.5
34.24,-118.25,5,0,3837.4,16424.05,0.0,0.0
34.24,-117.53,4,1,4334.25,30258.22,25.0,1012.46
34.24,-117.07,3,1,4438.33,8555.42,33.33,949.73
34.24,-116.9,4,0,4089.75,16266.43,0.0,0.0
34.24,-116.83,4,1,4381.75,10620.41,25.0,114.74
34.25,-117.64,5,2,4522.2,8271.36,40.0,3608.14
34.25,-117.39,4,0,5473.0,12734.16,0.0,0.0
34.25,-117.29,4,2,3794.0,9947.22,50.0,7285.58
34.26,-118.42,5,2,4595.2,3260.19,40.0,497.21
34.26,-117.19,4,0,4081.75,10691.72,0.0,0.0
34.26,-117.18,4,1,4455.0,5266.08,25.0,83.08
34.27,-118.77,4,1,5352.25,14976.28,25.0,2644.51
34.27,-118.46,5,2,4812.2,17816.21,40.0,7034.46
34.27,-116.94,4,1,4609.5,18089.54,25.0,4870.52
34.27,-114.19,4,0,5144.75,18998.77,0.0,0.0
34.28,-119.22,4,2,4323.25,14748.29,50.0,1409.21
34.28,-119.17,4,0,3960.75,17139.22,0.0,0.0
34.28,-118.56,5,1,3970.0,13954.01,20.0,94.78
34.28,-118.31,5,1,4924.4,24578.51,20.0,3732.18
34.28,-116.77,3,1,4361.0,2311.86,33.33,323.81
34.29,-118.6,5,1,3784.6,10464.65,20.0,4660.6
34.29,-118.51,5,1,4348.0,13764.41,20.0,1930.35
34.29,-118.44,5,1,4106.6,4515.76,20.0,50.35
34.3,-119.01,4,2,5216.75,13658.07,50.0,1260.87
34.3,-118.69,4,0,4089.25,12915.78,0.0,0.0
34.3,-118.24,5,3,3865.8,12464.19,60.0,11131.26
34.31,-118.86,4,2,4399.75,9818.4,50.0,264.01
34.32,-118.4,5,1,4244.2,19541.01,20.0,3242.45
34.34,-116.54,4,0,4645.75,13642.65,0.0,0.0
34.36,-119.31,4,2,3886.75,10527.36,50.0,514.58
34.36,-118.62,5,2,3337.4,4792.47,40.0,1316.21
34.36,-117.62,4,4,4015.5,5173.4,100.0,5173.4
34.36,-117.34,4,0,3786.25,13421.99,0.0,0.0
34.37,-118.5,5,1,5128.2,30731.5,20.0,747.0
34.4,-119.3,4,1,3877.5,14742.18,25.0,276.09
34.4,-119.09,4,2,4999.75,24401.24,50.0,17155.16
34.4,-117.73,4,1,5640.25,24217.65,25.0,5997.3
34.41,-119.73,4,0,4466.75,4202.8,0.0,0.0
34.41,-118.87,4,0,3994.75,14475.85,0.0,0.0
34.42,-119.71,4,2,3922.25,15508.87,50.0,14039.17
34.42,-119.6,4,3,4560.25,7946.09,75.0,7541.38
34.42,-118.42,5,2,5343.8,14256.25,40.0,127.95
34.42,-117.18,4,1,3766.0,14626.04,25.0,1683.22
34.43,-118.73,4,3,5061.5,7961.92,75.0,7237.57
34.44,-119.77,4,4,3903.0,20587.62,100.0,20587.62
34.44,-119.69,4,1,4792.25,11965.57,25.0,88.82
34.44,-119.51,4,1,5570.0,18201.09,25.0,799.2
34.44,-118.64,5,2,4293.2,11825.72,40.0,1166.33
34.44,-117.54,4,2,4118.75,5269.34,50.0,1007.2
34.45,-117.89,4,3,3833.0,20867.95,75.0,10563.45
34.46,-119.8,4,0,2627.5,4902.75,0.0,0.0
34.46,-119.63,4,2,4575.5,11648.22,50.0,11224.27
34.46,-118.57,5,1,5106.2,14956.25,20.0,6108.9
34.46,-117.63,4,0,5206.5,11042.97,0.0,0.0
34.46,-116.14,5,1,4127.6,19187.51,20.0,321.75
34.49,-120.09,4,0,4530.0,18294.11,0.0,0.0
34.49,-117.36,4,1,4386.75,17395.74,25.0,1064.85
34.5,-118.41,5,2,4811.6,6854.7,40.0,2567.35
34.5,-118.21,4,0,4711.0,12156.36,0.0,0.0
34.5,-117.77,4,0,2989.5,11839.45,0.0,0.0
34.51,-118.7,5,2,4376.4,23144.06,40.0,10677.7
34.51,-117.96,4,0,4394.75,10168.09,0.0,0.0
34.51,-116.86,4,2,4400.25,6742.33,50.0,506.16
34.54,-118.08,4,1,4482.0,7576.67,25.0,1576.0
34.56,-118.03,4,1,4629.25,13696.4,25.0,2178.6
34.56,-115.64,5,1,4147.2,14576.14,20.0,41.74
34.57,-117.36,4,1,4220.0,6656.41,25.0,4885.45
34.58,-118.93,4,1,4321.25,14254.99,25.0,95.76
34.6,-120.38,3,1,4788.0,9400.63,33.33,113.48
34.6,-117.8,4,3,4035.0,9894.93,75.0,8490.07
34.61,-118.26,4,1,3158.5,8024.64,25.0,5997.04
34.62,-120.14,4,1,3836.75,15288.83,25.0,1751.98
34.63,-120.24,4,2,4821.25,12051.54,50.0,2052.02
34.63,-120.03,4,0,3981.25,7992.5,0.0,0.0
34.65,-117.3,4,1,4387.25,12627.79,25.0,107.04
34.66,-118.58,4,2,3878.25,20942.08,50.0,5705.03
34.67,-117.54,5,1,4364.8,18235.49,20.0,4005.02
34.7,-120.03,4,0,3953.25,9145.91,0.0,0.0
34.7,-116.09,3,2,5255.67,7217.18,66.67,2994.51
34.71,-117.89,4,2,3731.0,6651.35,50.0,2353.15
34.71,-114.7,4,0,3706.5,12697.49,0.0,0.0
34.73,-118.15,4,1,3684.25,1899.23,25.0,1495.3
34.74,-118.38,4,2,3501.0,7942.05,50.0,800.43
34.76,-120.55,3,2,4167.33,9941.94,66.67,1330.53
34.76,-120.28,3,1,3609.33,8957.47,33.33,43.71
34.76,-117.34,4,0,3754.5,15979.41,0.0,0.0
34.82,-120.42,4,0,4854.25,6626.97,0.0,0.0
34.83,-119.0,4,0,4561.75,14966.88,0.0,0.0
34.85,-118.89,4,1,4510.0,3513.7,25.0,335.04
34.87,-120.54,4,1,3753.0,13002.62,25.0,55.07
34.88,-116.82,4,1,4066.25,2206.64,25.0,99.33
34.9,-118.41,4,1,4555.0,12651.97,25.0,35.9
34.91,-119.23,4,1,4433.75,11531.64,25.0,709.84
34.94,-120.59,4,1,4736.75,14587.91,25.0,350.94
34.94,-120.26,4,0,3641.25,3275.83,0.0,0.0
34.94,-115.29,4,0,4907.75,17964.06,0.0,0.0
34.96,-120.49,4,0,4634.75,26955.08,0.0,0.0
34.96,-119.75,4,1,4048.0,8120.48,25.0,39.92
34.96,-117.73,4,1,3159.25,5856.16,25.0,1272.95
34.97,-117.96,4,1,4058.75,6411.41,25.0,155.35
34.97,-117.0,3,0,5464.67,22667.44,0.0,0.0
34.98,-117.24,4,1,4302.75,4031.71,25.0,437.12
35.01,-116.83,4,1,3831.25,5708.28,25.0,914.32
35.05,-120.49,4,2,4842.75,17692.3,50.0,5785.59
35.06,-120.6,3,1,5902.67,20392.45,33.33,7188.02
35.07,-118.65,4,1,4550.0,8109.11,25.0,4965.41
35.1,-118.17,3,1,5017.33,14490.82,33.33,3053.6
35.12,-120.62,4,0,4407.25,7854.36,0.0,0.0
35.12,-118.82,4,0,5062.75,13650.62,0.0,0.0
35.14,-119.05,4,0,3982.0,10838.75,0.0,0.0
35.15,-117.93,4,0,4732.75,14232.84,0.0,0.0
35.16,-119.19,3,0,5563.33,12643.58,0.0,0.0
35.17,-120.66,3,1,5552.67,2378.12,33.33,680.06
35.18,-120.48,4,0,4220.0,5087.28,0.0,0.0
35.18,-119.4,4,2,3561.5,7552.59,50.0,1545.53
35.19,-120.73,4,0,4653.0,12089.31,0.0,0.0
35.21,-118.59,4,3,3907.25,7372.9,75.0,2175.31
35.22,-119.57,4,3,4842.5,2626.72,75.0,2322.59
35.23,-120.63,4,2,4523.5,6039.53,50.0,1115.56
35.24,-120.73,3,0,4899.67,10180.87,0.0,0.0
35.25,-118.91,4,0,4926.0,13376.26,0.0,0.0
35.28,-120.82,4,1,4459.25,3520.46,25.0,92.12
35.28,-118.96,4,0,4926.75,10590.91,0.0,0.0
35.29,-116.09,4,1,3517.5,3305.82,25.0,137.85
35.3,-120.26,4,0,4827.75,14035.75,0.0,0.0
35.32,-119.4,4,0,4985.25,28852.62,0.0,0.0
35.34,-119.06,4,0,3899.5,10128.75,0.0,0.0
35.34,-119.02,4,0,5210.0,14950.59,0.0,0.0
35.35,-116.77,4,0,4951.0,7463.49,0.0,0.0
35.36,-118.53,4,1,4307.25,4462.65,25.0,84.75
35.36,-117.64,2,2,3288.5,2235.29,100.0,2235.29
35.37,-120.76,4,1,4494.25,4105.61,25.0,2861.6
35.38,-119.73,4,2,4133.25,9648.33,50.0,6051.25
35.38,-119.02,4,0,4943.25,21675.43,0.0,0.0
35.39,-119.25,4,1,3886.25,8153.66,25.0,93.25
35.39,-118.98,4,0,4458.5,12623.45,0.0,0.0
35.41,-117.77,4,1,3925.0,5593.13,25.0,662.0
35.45,-120.69,4,0,4313.75,10912.99,0.0,0.0
35.45,-119.49,4,2,4872.0,8123.01,50.0,1072.98
35.45,-118.84,4,1,3543.5,7025.92,25.0,44.31
35.48,-120.47,4,0,4973.0,10783.21,0.0,0.0
35.48,-115.52,4,0,5156.25,20888.48,0.0,0.0
35.49,-119.29,4,2,4105.25,8575.67,50.0,783.41
35.51,-120.92,4,0,4908.75,13103.24,0.0,0.0
35.52,-118.4,4,3,3956.0,4749.64,75.0,2228.04
35.54,-120.74,4,3,4370.5,17225.7,75.0,17017.78
35.56,-118.93,4,0,5919.5,13923.07,0.0,0.0
35.56,-118.24,4,0,3224.25,6415.04,0.0,0.0
35.59,-121.03,4,0,5052.25,23745.43,0.0,0.0
35.61,-118.47,4,0,4485.75,18532.4,0.0,0.0
35.63,-120.73,4,0,5049.5,12956.29,0.0,0.0
35.63,-120.29,4,0,4848.0,21215.28,0.0,0.0
35.64,-119.89,4,0,3925.5,16545.98,0.0,0.0
35.65,-119.45,4,1,4007.5,11324.37,25.0,3308.39
35.67,-119.19,4,0,4028.25,8733.21,0.0,0.0
35.69,-118.55,3,0,4794.33,5320.95,0.0,0.0
35.71,-118.88,4,2,3413.75,4646.63,50.0,4201.35
35.74,-118.74,4,0,4590.75,20735.32,0.0,0.0
35.75,-121.22,4,0,4658.5,11007.21,0.0,0.0
35.77,-119.21,4,2,4412.75,15946.43,50.0,5599.27
35.81,-119.13,4,1,3667.75,4548.11,25.0,27.39
35.84,-121.0,4,2,4079.75,5627.64,50.0,838.44
35.85,-119.0,4,1,4873.25,4725.67,25.0,507.56
35.85,-118.4,4,1,4522.5,13500.13,25.0,96.05
35.86,-119.31,4,1,4211.0,13516.69,25.0,301.08
35.86,-118.64,4,1,3101.75,9217.3,25.0,62.25
35.87,-119.5,4,3,4350.75,11860.65,75.0,9207.77
35.87,-118.7,4,1,4177.25,7404.4,25.0,777.44
35.89,-120.61,4,0,4437.75,10168.91,0.0,0.0
35.92,-120.13,4,3,4104.5,14107.16,75.0,7165.42
35.92,-116.19,4,1,4263.25,13365.48,25.0,244.08
35.93,-121.19,4,2,4853.0,14495.9,50.0,4644.12
35.94,-119.04,4,1,5113.0,10617.44,25.0,7447.13
35.96,-119.33,4,0,4144.25,17685.24,0.0,0.0
35.99,-121.06,4,2,4567.0,13464.87,50.0,5210.47
36.0,-120.85,4,0,3460.25,11500.54,0.0,0.0
36.0,-120.0,4,0,4442.75,13106.71,0.0,0.0
36.01,-118.89,4,1,3878.75,14081.43,25.0,3912.94
36.05,-119.53,4,1,4574.0,15757.08,25.0,55.14
36.06,-118.59,4,2,5227.25,10708.2,50.0,8016.72
36.13,-120.86,4,2,3594.75,5750.35,50.0,4125.59
36.14,-119.13,4,1,2934.25,7123.69,25.0,1009.55
36.18,-119.81,4,1,3972.25,11349.62,25.0,37.56
36.19,-120.39,4,2,3744.25,13894.53,50.0,6355.14
36.19,-119.38,4,1,5428.0,11145.48,25.0,161.35
36.21,-119.09,4,1,4530.75,19281.98,25.0,372.65
36.22,-120.98,4,1,5401.5,24015.05,25.0,450.26
36.22,-120.08,4,2,4227.0,13042.0,50.0,863.04
36.25,-121.39,4,1,4300.75,11803.16,25.0,51.54
36.25,-118.69,4,0,4728.75,18374.77,0.0,0.0
36.28,-117.03,4,0,5389.0,17878.66,0.0,0.0
36.29,-119.62,4,0,3942.25,16959.71,0.0,0.0
36.3,-119.83,4,1,3876.0,7554.93,25.0,1185.85
36.3,-119.38,4,2,5682.25,11792.28,50.0,7213.62
36.3,-119.2,4,1,5047.5,14956.86,25.0,3020.12
36.3,-119.02,4,3,4335.0,3768.42,75.0,2416.02
36.3,-117.87,4,1,4660.5,4348.31,25.0,106.63
36.32,-119.71,4,2,4233.0,1627.45,50.0,1480.43
36.32,-117.59,4,0,5468.25,17579.26,0.0,0.0
36.36,-121.87,4,0,5366.25,19290.04,0.0,0.0
36.38,-119.21,3,1,4139.0,13121.4,33.33,705.58
36.39,-119.37,4,0,5095.25,15357.08,0.0,0.0
36.39,-119.22,4,1,4620.0,10159.53,25.0,31.18
36.4,-120.12,4,2,4342.0,20658.74,50.0,10645.84
36.41,-121.64,4,1,5273.0,13902.37,25.0,96.05
36.41,-121.36,4,0,4612.0,15391.15,0.0,0.0
36.41,-118.85,4,0,4743.5,7812.46,0.0,0.0
36.44,-119.72,4,0,4863.0,19014.53,0.0,0.0
36.45,-119.95,4,1,3720.5,14671.45,25.0,3867.57
36.46,-121.85,4,1,4360.5,11688.05,25.0,52.08
36.46,-119.49,4,1,3534.0,5820.82,25.0,1088.66
36.46,-119.09,4,0,3933.5,16076.7,0.0,0.0
36.46,-119.0,4,2,4032.5,17278.37,50.0,3004.97
36.48,-119.52,4,1,5316.75,18710.43,25.0,56.35
36.49,-120.41,4,1,5160.5,15527.67,25.0,1004.74
36.5,-119.29,4,1,3208.25,9686.29,25.0,4406.81
36.52,-120.12,4,1,4493.0,7252.84,25.0,2585.17
36.52,-119.39,4,3,3858.5,3636.37,75.0,3337.67
36.53,-121.4,4,0,4727.0,15542.18,0.0,0.0
36.53,-120.95,4,0,4728.75,10163.48,0.0,0.0
36.53,-119.87,4,0,3687.5,5717.95,0.0,0.0
36.53,-118.59,4,1,4399.5,6750.21,25.0,24.25
36.55,-121.92,4,1,5148.75,20592.39,25.0,89.84
36.55,-119.64,4,2,3675.25,1613.53,50.0,898.5
36.55,-119.34,4,0,5181.75,13338.15,0.0,0.0
36.56,-117.96,4,0,3824.75,9142.4,0.0,0.0
36.59,-121.94,4,1,4416.75,16226.07,25.0,5492.34
36.59,-119.91,4,0,5132.0,25355.41,0.0,0.0
36.6,-121.44,4,1,4477.0,16067.84,25.0,886.12
36.6,-120.15,4,1,3514.0,8792.95,25.0,1937.93
36.6,-119.18,4,2,4335.75,12083.91,50.0,427.8
36.62,-121.93,4,1,5277.5,2357.32,25.0,633.26
36.62,-121.65,4,0,5563.75,11946.71,0.0,0.0
36.62,-121.62,4,1,4430.25,11171.02,25.0,2263.52
36.62,-119.74,4,0,4336.25,14025.12,0.0,0.0
36.62,-119.52,4,1,4120.5,16271.1,25.0,3576.43
36.63,-121.82,4,2,4326.25,15558.02,50.0,1076.53
36.63,-119.67,4,1,5248.5,10469.19,25.0,1443.54
36.63,-119.3,4,0,4431.0,9484.08,0.0,0.0
36.64,-121.62,4,2,4327.75,14014.07,50.0,603.19
36.64,-120.29,4,2,3903.0,17890.08,50.0,10829.64
36.64,-119.42,4,0,3582.75,11570.39,0.0,0.0
36.65,-119.9,4,2,4664.75,13689.39,50.0,8372.05
36.65,-118.92,4,1,4092.0,9742.38,25.0,67.86
36.66,-119.6,4,0,4674.25,21204.34,0.0,0.0
36.67,-121.6,4,0,4316.75,20318.86,0.0,0.0
36.69,-121.76,4,3,3934.75,5563.67,75.0,2276.6
36.7,-119.02,4,1,4600.75,20298.87,25.0,8103.45
36.72,-121.63,4,1,4873.5,8934.45,25.0,273.52
36.72,-119.2,4,2,4718.5,5830.58,50.0,548.94
36.73,-120.12,4,1,3959.5,5039.4,25.0,561.27
36.73,-119.78,4,1,4350.75,3775.64,25.0,122.75
36.74,-119.75,4,3,3992.25,15659.82,75.0,10301.42
36.75,-119.79,4,0,4741.5,19723.01,0.0,0.0
36.75,-119.68,4,0,5668.0,22976.15,0.0,0.0
36.76,-119.82,4,0,4600.75,15783.53,0.0,0.0
36.77,-121.66,4,0,3896.75,4341.76,0.0,0.0
36.77,-119.76,4,1,3535.75,8379.02,25.0,76.84
36.78,-121.76,4,0,3793.0,14422.3,0.0,0.0
36.79,-120.63,4,0,3702.0,2658.89,0.0,0.0
36.79,-119.93,4,1,4462.25,7136.44,25.0,3615.25
36.79,-119.83,4,1,3211.25,9048.43,25.0,2251.2
36.79,-119.76,4,1,4422.0,7539.36,25.0,541.85
36.79,-119.14,4,1,4497.25,8735.72,25.0,1950.84
36.8,-120.02,4,3,3480.25,8361.88,75.0,7812.1
36.8,-119.8,4,0,4145.5,24597.85,0.0,0.0
36.81,-121.5,4,1,5218.25,5401.55,25.0,184.3
36.81,-119.71,4,2,3724.75,5824.47,50.0,2136.57
36.81,-118.9,4,2,5082.5,13895.89,50.0,624.49
36.82,-119.76,4,0,4672.5,12247.31,0.0,0.0
36.82,-119.44,4,1,5628.25,15633.56,25.0,2191.45
36.83,-119.83,1,1,2653.0,681.4,100.0,681.4
36.84,-119.8,4,1,5481.75,13635.82,25.0,3198.56
36.86,-121.78,4,1,4842.5,21450.49,25.0,124.83
36.87,-118.19,4,1,4125.75,5322.47,25.0,1087.94
36.88,-121.63,4,1,4998.0,17339.16,25.0,663.55
36.88,-119.76,4,1,3581.5,5531.96,25.0,446.1
36.9,-120.19,4,1,4390.0,20266.33,25.0,5015.5
36.92,-119.59,4,0,5013.5,11373.2,0.0,0.0
36.93,-121.75,4,1,4151.25,9454.38,25.0,45.3
36.94,-121.79,4,1,4617.0,13753.41,25.0,1465.16
36.96,-120.65,4,3,4319.25,16169.11,75.0,13951.84
36.97,-121.99,4,1,3938.5,5603.74,25.0,256.02
36.98,-121.95,4,1,3875.25,7711.76,25.0,222.72
36.99,-122.1,4,2,4237.0,3923.42,50.0,766.99
36.99,-119.35,4,1,4828.25,21205.35,25.0,7082.2
36.99,-119.24,4,0,3886.75,3845.47,0.0,0.0
37.0,-120.96,4,0,4259.25,12115.83,0.0,0.0
37.0,-119.93,4,2,4649.25,10030.79,50.0,6835.52
37.01,-122.07,4,0,4659.75,9520.82,0.0,0.0
37.01,-121.88,4,1,3937.5,4765.89,25.0,2055.91
37.01,-119.51,4,1,4819.75,23430.43,25.0,7361.72
37.02,-121.95,4,0,4909.0,11276.3,0.0,0.0
37.03,-121.98,4,1,4796.0,11780.7,25.0,61.43
37.03,-119.69,4,1,4298.25,12788.67,25.0,1313.55
37.04,-121.53,4,1,4236.0,9509.06,25.0,1091.26
37.05,-122.06,4,0,4841.0,17673.26,0.0,0.0
37.05,-120.63,4,0,4807.25,2522.35,0.0,0.0
37.05,-118.4,4,0,4491.25,13559.13,0.0,0.0
37.07,-122.01,4,0,4975.0,14579.45,0.0,0.0
37.08,-122.09,4,1,4549.25,16050.69,25.0,10507.21
37.08,-121.61,4,1,4689.25,14436.5,25.0,3200.35
37.09,-122.06,4,1,4178.0,9146.72,25.0,96.75
37.1,-120.27,4,0,4077.5,8041.56,0.0,0.0
37.11,-122.24,4,2,3728.25,7358.94,50.0,1267.81
37.11,-122.1,4,0,4452.5,12064.25,0.0,0.0
37.13,-120.51,4,0,5123.25,14765.8,0.0,0.0
37.14,-119.66,4,0,3076.25,9705.97,0.0,0.0
37.15,-121.12,4,1,3995.75,8265.36,25.0,116.27
37.16,-121.95,4,0,5174.75,14449.12,0.0,0.0
37.16,-121.65,4,2,4471.0,11644.48,50.0,2860.0
37.17,-122.14,4,4,3688.5,15807.02,100.0,15807.02
37.17,-119.3,4,1,4282.25,9721.47,25.0,786.49
37.19,-121.84,4,1,4216.5,12540.41,25.0,894.9
37.21,-119.75,4,0,5027.75,18716.17,0.0,0.0
37.22,-121.99,4,2,3749.75,3430.98,50.0,2172.44
37.22,-121.76,4,1,4758.75,14187.84,25.0,204.73
37.22,-119.0,4,2,3311.0,7332.42,50.0,150.49
37.23,-122.3,4,1,4823.0,13105.44,25.0,24.6
37.23,-121.95,4,2,3237.75,6858.08,50.0,3401.62
37.23,-121.79,4,0,2800.75,6713.03,0.0,0.0
37.24,-121.83,4,1,4833.25,14452.12,25.0,24.75
37.24,-119.47,4,1,3626.0,8196.46,25.0,114.85
37.25,-121.75,4,0,4751.75,15497.79,0.0,0.0
37.25,-120.25,4,0,5017.75,16436.53,0.0,0.0
37.25,-119.96,4,0,3936.75,15425.98,0.0,0.0
37.25,-118.06,4,1,5343.25,28103.55,25.0,10718.96
37.26,-122.05,4,0,4838.0,15301.05,0.0,0.0
37.26,-121.92,4,0,4739.5,16431.9,0.0,0.0
37.26,-121.89,4,0,3656.25,15147.33,0.0,0.0
37.26,-120.49,4,0,3695.75,6977.11,0.0,0.0
37.27,-122.26,4,2,4419.0,6423.7,50.0,1620.85
37.27,-121.85,4,1,4332.25,10482.03,25.0,103.62
37.28,-121.99,4,1,3004.25,8731.16,25.0,1200.86
37.28,-121.95,4,1,5287.5,25177.85,25.0,10717.17
37.28,-121.83,4,1,4006.75,5887.72,25.0,230.2
37.29,-122.22,4,0,4691.25,6919.33,0.0,0.0
37.29,-121.89,4,1,4715.75,10587.09,25.0,893.55
37.29,-121.72,4,3,3051.25,3801.55,75.0,1810.63
37.29,-119.55,4,0,4625.25,10440.82,0.0,0.0
37.29,-119.22,4,0,3850.75,19720.81,0.0,0.0
37.3,-121.81,4,2,4673.25,11681.54,50.0,1839.62
37.31,-122.08,4,2,5098.0,13448.98,50.0,12440.36
37.31,-122.0,4,2,3578.0,12168.16,50.0,7290.08
37.31,-121.96,4,1,4336.75,26595.96,25.0,4562.56
37.32,-121.94,4,1,3804.75,12577.36,25.0,5581.55
37.32,-120.86,4,1,4197.0,12829.61,25.0,1754.3
37.32,-120.66,4,2,5017.25,4547.89,50.0,904.47
37.33,-122.34,4,0,3640.0,3175.11,0.0,0.0
37.33,-121.92,4,1,5069.5,13453.65,25.0,4478.16
37.33,-121.89,4,1,4528.0,14505.6,25.0,524.31
37.33,-121.83,4,0,4668.25,10261.69,0.0,0.0
37.33,-120.31,4,2,4255.5,8321.96,50.0,3670.0
37.34,-121.88,4,1,4703.25,16030.74,25.0,545.92
37.34,-121.78,4,0,5801.25,12204.9,0.0,0.0
37.34,-121.04,4,1,4542.25,10173.62,25.0,526.16
37.35,-122.13,4,0,3297.75,4716.6,0.0,0.0
37.35,-122.09,4,1,5175.0,23247.38,25.0,653.13
37.35,-122.04,4,0,5131.0,17653.29,0.0,0.0
37.35,-121.98,4,0,3656.75,4465.38,0.0,0.0
37.35,-121.95,4,2,4151.25,13523.96,50.0,6216.15
37.35,-121.91,4,2,4079.25,8374.47,50.0,2342.99
37.35,-121.85,4,2,4506.0,11423.42,50.0,4350.1
37.36,-120.75,4,1,4556.5,10468.87,25.0,160.58
37.37,-122.22,4,1,5451.75,17062.96,25.0,3264.45
37.37,-121.86,4,0,4898.75,11951.32,0.0,0.0
37.38,-122.09,4,2,4942.0,11416.59,50.0,7052.99
37.38,-122.02,4,1,5175.75,15483.29,25.0,1702.32
37.38,-121.8,4,3,3013.0,5272.42,75.0,4171.33
37.38,-121.63,4,0,5415.25,23679.35,0.0,0.0
37.38,-119.74,4,1,3666.0,9336.36,25.0,117.46
37.39,-122.18,4,2,4573.25,6168.9,50.0,804.52
37.39,-122.08,4,0,3841.0,10172.52,0.0,0.0
37.39,-121.97,4,1,3358.5,11488.28,25.0,1077.5
37.39,-121.9,4,1,4018.5,8082.41,25.0,1898.05
37.39,-120.89,4,0,4120.25,11693.86,0.0,0.0
37.39,-120.13,4,1,3807.0,18083.55,25.0,1378.7
37.4,-120.51,4,2,5151.75,16253.58,50.0,8422.58
37.41,-122.3,4,1,3740.0,17466.7,25.0,6326.6
37.41,-121.32,4,1,3552.5,13071.52,25.0,1337.19
37.42,-122.17,4,0,4816.75,12001.53,0.0,0.0
37.42,-122.13,4,1,3965.5,3847.58,25.0,470.6
37.42,-122.06,4,2,5084.5,20094.66,50.0,8442.33
37.42,-122.01,4,1,4029.75,17662.27,25.0,228.57
37.42,-121.75,4,1,4302.25,6818.49,25.0,218.98
37.42,-120.77,4,3,4758.25,12176.13,75.0,7683.8
37.42,-120.67,4,0,4353.5,13732.49,0.0,0.0
37.42,-120.6,4,1,3667.5,5005.4,25.0,73.11
37.43,-121.95,4,1,3686.75,10616.26,25.0,1226.6
37.44,-122.15,4,0,4959.5,16163.27,0.0,0.0
37.44,-121.88,4,1,4384.75,23913.46,25.0,10013.7
37.44,-121.05,4,1,4902.75,12500.74,25.0,3351.2
37.45,-122.2,4,2,4339.25,11851.42,50.0,4494.17
37.45,-122.18,4,0,4929.5,20570.96,0.0,0.0
37.45,-121.99,4,1,3520.25,3979.35,25.0,777.75
37.46,-122.41,4,1,5249.25,20516.91,25.0,3471.17
37.46,-122.24,4,1,4656.0,13704.77,25.0,1503.4
37.46,-122.12,4,1,4602.75,14997.76,25.0,7215.37
37.46,-119.35,4,1,5218.5,12151.21,25.0,86.24
37.47,-120.88,4,1,4029.25,9588.0,25.0,4238.35
37.47,-120.67,4,1,3364.0,8113.7,25.0,679.97
37.48,-120.23,4,0,4376.0,6786.95,0.0,0.0
37.48,-119.68,4,0,4030.75,13453.57,0.0,0.0
37.5,-122.27,4,0,5117.5,9927.34,0.0,0.0
37.5,-122.2,4,1,4517.5,17555.81,25.0,1889.29
37.5,-122.03,4,0,4898.25,12269.74,0.0,0.0
37.51,-122.31,4,1,4765.75,14760.7,25.0,3027.4
37.51,-121.96,4,2,3845.0,6336.82,50.0,612.11
37.52,-122.5,4,0,4898.75,16936.66,0.0,0.0
37.52,-121.9,4,3,3403.0,6008.56,75.0,2609.04
37.52,-120.76,4,1,4883.5,17651.35,25.0,2628.34
37.52,-120.43,4,2,4559.5,18689.56,50.0,9829.38
37.53,-122.23,4,0,5318.0,17008.61,0.0,0.0
37.53,-120.85,4,2,4345.75,11336.58,50.0,3136.81
37.53,-119.99,4,2,3081.75,5218.03,50.0,172.67
37.54,-122.51,4,0,4307.75,16785.58,0.0,0.0
37.54,-122.31,4,1,4973.25,17919.58,25.0,5375.4
37.55,-120.95,4,0,3577.5,8252.79,0.0,0.0
37.55,-118.84,4,0,5077.5,9581.36,0.0,0.0
37.56,-122.32,4,3,3631.0,3906.79,75.0,3323.1
37.56,-122.27,4,0,4668.25,15302.85,0.0,0.0
37.56,-122.08,4,2,5334.5,3166.49,50.0,810.46
37.56,-120.91,4,0,3704.5,6695.0,0.0,0.0
37.57,-122.46,4,0,3463.75,16701.98,0.0,0.0
37.57,-122.37,4,2,3438.25,3355.21,50.0,1892.41
37.57,-121.96,4,0,4933.75,30590.59,0.0,0.0
37.57,-121.66,4,1,4811.75,14644.56,25.0,1359.7
37.58,-119.97,4,0,4185.5,14654.1,0.0,0.0
37.59,-122.31,4,1,2969.75,3674.52,25.0,964.77
37.59,-122.05,4,2,2845.25,5608.02,50.0,3927.08
37.59,-121.86,4,1,4748.75,12227.62,25.0,3018.26
37.59,-120.85,4,2,3337.0,6656.08,50.0,2223.73
37.6,-122.4,4,1,3684.0,5162.64,25.0,1517.73
37.61,-121.26,4,2,5054.0,14996.69,50.0,420.27
37.61,-121.11,4,2,4222.0,6223.24,50.0,873.24
37.61,-120.7,4,2,5054.75,14497.67,50.0,1242.32
37.62,-122.43,4,1,4271.5,6312.52,25.0,1539.99
37.62,-121.01,4,1,3777.75,8224.67,25.0,913.39
37.63,-122.12,4,2,3701.5,12811.63,50.0,3191.16
37.63,-121.86,4,1,4093.0,9063.27,25.0,3751.77
37.64,-122.04,4,1,5931.5,12994.44,25.0,2066.35
37.64,-120.96,4,1,4550.5,10596.62,25.0,99.23
37.65,-122.43,4,2,3627.75,5449.69,50.0,3037.46
37.65,-119.82,4,0,3614.75,13595.58,0.0,0.0
37.65,-119.23,4,1,4146.0,16935.77,25.0,35.25
37.65,-118.23,4,1,4872.75,16619.22,25.0,102.61
37.66,-122.05,4,1,4171.5,6272.57,25.0,4294.37
37.67,-122.08,4,1,4644.25,20991.33,25.0,176.28
37.67,-121.01,4,3,3902.75,9013.03,75.0,5820.56
37.67,-120.95,4,2,4234.0,14066.18,50.0,1231.96
37.67,-120.88,4,1,5105.0,14076.83,25.0,395.19
37.67,-120.63,4,2,5044.25,18043.77,50.0,8287.88
37.67,-120.41,4,1,4389.0,27176.83,25.0,7889.85
37.68,-122.48,4,1,4430.5,14024.22,25.0,3271.65
37.68,-122.41,4,1,4489.0,10516.04,25.0,22.54
37.68,-122.13,4,1,2817.0,7248.96,25.0,2563.54
37.68,-121.45,4,0,5431.75,24042.61,0.0,0.0
37.69,-122.45,4,4,3811.0,4731.62,100.0,4731.62
37.69,-122.16,4,1,2694.0,11882.94,25.0,4603.51
37.69,-121.91,4,2,4533.25,13867.93,50.0,3692.44
37.7,-122.13,4,0,3714.25,8239.89,0.0,0.0
37.71,-122.08,4,1,3299.75,5226.36,25.0,165.99
37.71,-121.93,4,2,3675.0,9785.04,50.0,1408.43
37.71,-121.09,4,1,4277.5,13530.78,25.0,60.75
37.72,-122.49,4,2,3978.25,15280.31,50.0,3049.64
37.72,-122.44,4,1,4597.5,11244.43,25.0,335.25
37.72,-122.41,4,0,4817.0,7192.43,0.0,0.0
37.72,-122.22,4,0,4480.75,6318.26,0.0,0.0
37.72,-122.16,4,0,3584.5,8870.51,0.0,0.0
37.72,-122.02,4,0,5338.0,21717.75,0.0,0.0
37.72,-121.03,4,2,4760.5,3646.79,50.0,2576.35
37.72,-120.11,4,0,5207.5,19426.18,0.0,0.0
37.73,-122.38,4,0,4207.75,20719.35,0.0,0.0
37.73,-120.95,4,4,3411.75,7619.76,100.0,7619.76
37.73,-119.06,4,0,3826.75,13162.68,0.0,0.0
37.74,-122.49,4,0,4687.75,9320.98,0.0,0.0
37.74,-122.46,4,2,5019.5,10719.82,50.0,178.57
37.74,-122.18,4,1,4978.75,18803.39,25.0,1335.0
37.75,-122.44,4,1,4996.0,10742.71,25.0,1002.22
37.75,-122.42,4,1,4481.75,20311.61,25.0,1650.45
37.75,-122.2,4,0,4615.25,10781.44,0.0,0.0
37.75,-121.24,4,0,4419.5,7004.69,0.0,0.0
37.75,-121.13,4,0,4239.25,11937.97,0.0,0.0
37.76,-122.48,4,2,4502.75,8379.52,50.0,7432.66
37.76,-122.43,4,3,3992.25,15396.01,75.0,9642.88
37.76,-122.14,4,0,4386.0,8775.79,0.0,0.0
37.77,-122.45,4,2,3922.0,13747.64,50.0,4693.75
37.77,-122.41,4,0,4942.75,10779.23,0.0,0.0
37.77,-122.4,4,1,4811.5,19665.77,25.0,419.51
37.77,-122.27,4,0,3697.25,7774.4,0.0,0.0
37.77,-121.98,4,1,4612.25,6157.32,25.0,622.45
37.78,-122.5,4,1,4704.0,11870.06,25.0,114.82
37.78,-122.46,4,0,4329.75,12554.43,0.0,0.0
37.78,-122.42,4,1,3699.5,7112.96,25.0,1356.99
37.78,-122.22,4,3,4192.75,9142.02,75.0,8928.91
37.79,-122.44,4,1,3179.5,6242.6,25.0,118.89
37.79,-122.42,4,1,4620.75,14874.1,25.0,3813.75
37.79,-122.41,4,2,3976.25,4869.98,50.0,1220.31
37.79,-122.4,8,4,4187.88,27457.85,50.0,9886.94
37.79,-122.24,4,1,4084.25,12944.5,25.0,1026.6
37.79,-122.15,4,1,3133.5,6724.95,25.0,105.16
37.79,-121.9,4,0,4482.5,21311.09,0.0,0.0
37.79,-120.78,4,2,4328.25,11463.48,50.0,3263.37
37.8,-122.46,4,1,4783.0,18241.64,25.0,95.77
37.8,-122.44,4,2,4118.5,7624.82,50.0,5933.94
37.8,-122.41,4,0,3836.25,7893.11,0.0,0.0
37.8,-122.4,4,0,4385.5,8328.43,0.0,0.0
37.8,-122.21,4,2,4778.25,13314.91,50.0,224.18
37.81,-122.3,4,1,4965.5,22028.17,25.0,1030.19
37.81,-122.27,4,0,3462.75,9415.49,0.0,0.0
37.81,-122.24,4,0,4011.25,6650.02,0.0,0.0
37.81,-121.31,4,2,3572.75,12167.24,50.0,2273.29
37.82,-122.37,4,3,3756.5,6426.2,75.0,5947.93
37.82,-121.98,4,1,4185.75,17395.57,25.0,1055.4
37.82,-121.01,4,0,4124.0,5048.63,0.0,0.0
37.82,-120.26,4,2,4665.75,8999.82,50.0,3111.43
37.83,-122.26,4,1,5152.5,15907.78,25.0,2533.78
37.83,-122.22,4,2,4390.75,13854.49,50.0,4787.56
37.83,-122.11,4,2,5702.0,3656.3,50.0,613.56
37.83,-121.6,4,3,4720.75,14545.74,75.0,4759.11
37.83,-121.2,4,0,4607.75,7121.9,0.0,0.0
37.84,-122.29,4,2,4165.0,12132.85,50.0,1046.61
37.85,-122.52,4,3,4212.5,7062.34,75.0,7023.56
37.85,-122.24,4,1,4195.75,6221.41,25.0,2544.36
37.85,-120.49,4,1,4548.75,21143.33,25.0,2190.16
37.86,-122.28,4,2,3821.75,12274.37,50.0,2362.85
37.86,-122.24,4,1,4425.75,12774.59,25.0,495.96
37.86,-122.08,4,1,4330.5,9683.32,25.0,2180.27
37.86,-121.99,4,0,5193.75,30424.46,0.0,0.0
37.87,-122.3,4,1,5496.0,21111.75,25.0,1073.39
37.87,-122.29,4,0,5168.5,7633.02,0.0,0.0
37.87,-122.25,4,2,4656.75,4768.74,50.0,3018.89
37.87,-122.21,4,1,4006.0,8124.25,25.0,122.63
37.87,-121.29,4,1,4981.5,15892.35,25.0,1846.9
37.88,-122.27,4,1,4250.0,5371.82,25.0,886.94
37.88,-121.85,4,1,4791.0,8286.65,25.0,31.45
37.89,-122.47,4,0,3832.0,9820.58,0.0,0.0
37.89,-122.3,4,2,4286.5,15788.32,50.0,4402.92
37.89,-119.18,4,1,5283.75,21815.7,25.0,5620.45
37.9,-122.57,4,1,3687.0,5864.92,25.0,391.93
37.9,-122.28,4,1,4318.25,10645.39,25.0,351.06
37.9,-122.26,4,1,4081.5,6899.92,25.0,328.36
37.9,-122.05,4,2,4420.25,8383.97,50.0,474.51
37.9,-121.44,4,1,4382.75,6440.21,25.0,269.84
37.9,-119.67,4,1,4287.75,8100.68,25.0,3560.05
37.91,-122.13,4,1,4248.75,11405.31,25.0,157.26
37.91,-121.68,4,0,4491.0,14316.4,0.0,0.0
37.92,-122.66,4,1,3843.5,6655.79,25.0,868.65
37.92,-122.51,4,1,4253.5,11567.02,25.0,97.81
37.92,-122.34,4,1,3946.75,14673.07,25.0,1950.29
37.92,-122.29,4,0,4347.25,18933.22,0.0,0.0
37.92,-122.01,4,1,4436.75,12682.85,25.0,4353.07
37.94,-122.72,4,1,4421.0,5669.28,25.0,53.89
37.94,-122.53,4,2,4880.0,11052.77,50.0,7743.06
37.94,-122.49,4,0,5273.5,11377.21,0.0,0.0
37.94,-122.32,4,2,4198.5,17175.14,50.0,6806.27
37.94,-120.67,4,0,4396.0,13347.01,0.0,0.0
37.94,-120.19,4,1,3792.0,11196.94,25.0,6164.81
37.95,-122.56,4,1,4909.0,12099.94,25.0,1424.44
37.95,-122.38,4,1,4577.75,22068.04,25.0,376.48
37.95,-122.08,4,1,4331.0,16585.44,25.0,9069.15
37.95,-122.02,4,0,4925.5,13930.34,0.0,0.0
37.95,-121.33,4,0,4388.25,6819.12,0.0,0.0
37.95,-121.14,4,0,4653.5,9059.29,0.0,0.0
37.96,-122.29,4,1,3768.75,12651.35,25.0,1790.57
37.96,-121.29,4,2,4982.25,10174.28,50.0,7273.84
37.96,-120.86,4,0,3832.5,12285.18,0.0,0.0
37.97,-122.61,4,0,5559.0,16766.59,0.0,0.0
37.97,-122.49,4,2,4047.25,18560.96,50.0,6565.29
37.97,-121.97,4,2,3926.25,10857.46,50.0,5039.61
37.97,-121.32,4,1,4202.75,3088.68,25.0,141.0
37.97,-121.26,4,0,4009.25,14365.67,0.0,0.0
37.98,-122.34,4,1,4430.5,10327.69,25.0,179.97
37.98,-121.8,4,2,4136.5,18918.43,50.0,6482.51
37.98,-120.34,4,0,4983.25,18619.48,0.0,0.0
37.99,-122.58,4,2,4978.0,11651.72,50.0,2291.02
37.99,-122.21,4,0,4673.25,9470.27,0.0,0.0
37.99,-122.01,4,1,4275.75,12925.13,25.0,5206.5
37.99,-120.26,4,2,4033.0,14627.49,50.0,9264.04
38.0,-122.66,4,0,4321.25,6935.25,0.0,0.0
38.0,-122.29,4,2,5315.75,11261.06,50.0,8898.78
38.0,-121.69,4,1,4407.0,16260.0,25.0,981.8
38.0,-121.32,4,1,4726.25,13993.3,25.0,747.69
38.01,-122.69,4,1,3849.5,5238.43,25.0,526.95
38.01,-122.64,4,1,4637.75,11115.32,25.0,1061.85
38.01,-122.12,4,2,4385.5,15706.93,50.0,12640.48
38.01,-122.04,4,3,4714.25,536.56,75.0,279.96
38.01,-121.92,4,1,4318.25,20247.82,25.0,388.21
38.02,-122.69,4,0,3845.5,10610.3,0.0,0.0
38.02,-122.55,4,2,3838.25,15297.44,50.0,5113.52
38.03,-122.23,4,2,3765.0,15449.7,50.0,9527.92
38.03,-121.39,4,1,4142.75,9819.36,25.0,273.92
38.03,-121.3,4,1,4904.0,21012.22,25.0,375.77
38.04,-122.2,4,2,3462.25,8003.38,50.0,3445.97
38.04,-121.35,4,3,4140.0,13230.62,75.0,7991.62
38.05,-122.78,4,1,4445.0,17524.59,25.0,8645.19
38.05,-122.23,4,2,4379.0,6291.84,50.0,1386.99
38.05,-121.65,4,0,4366.0,16808.56,0.0,0.0
38.05,-121.22,4,2,3551.25,9928.0,50.0,2612.6
38.05,-121.03,4,1,4801.0,6361.23,25.0,111.35
38.06,-122.83,4,1,4917.25,5912.92,25.0,1141.71
38.06,-120.46,4,2,4401.0,21203.43,50.0,7582.39
38.07,-122.67,4,1,5148.75,12488.49,25.0,1276.14
38.07,-122.52,4,2,5481.25,13504.08,50.0,5939.97
38.07,-120.63,4,2,3764.25,6695.56,50.0,4834.15
38.09,-122.28,4,0,4424.5,10131.75,0.0,0.0
38.09,-120.38,4,2,5184.25,15371.2,50.0,2331.61
38.1,-122.95,4,1,3543.25,3491.5,25.0,96.59
38.1,-122.25,4,2,3795.0,7033.65,50.0,4215.09
38.11,-122.63,4,1,3770.0,11853.86,25.0,203.27
38.11,-122.19,4,0,3863.75,12614.56,0.0,0.0
38.11,-122.12,4,0,4700.0,9359.6,0.0,0.0
38.11,-120.23,4,0,5445.25,24076.82,0.0,0.0
38.11,-120.08,4,1,4790.25,15338.5,25.0,5703.76
38.12,-121.16,4,2,4412.25,6952.66,50.0,1635.21
38.12,-120.13,4,1,4908.0,21981.62,25.0,113.17
38.13,-122.83,4,2,4511.25,6347.54,50.0,4511.1
38.13,-121.41,4,1,4196.75,21353.41,25.0,1087.2
38.14,-122.56,4,3,4342.0,6623.1,75.0,2419.17
38.14,-121.84,4,1,3474.0,13476.62,25.0,4244.85
38.15,-121.74,4,1,4337.5,10542.62,25.0,1273.3
38.15,-121.6,4,1,4595.5,11535.17,25.0,91.39
38.15,-120.44,4,1,4485.25,13616.47,25.0,5152.99
38.16,-122.27,4,1,3553.25,6571.08,25.0,113.81
38.16,-121.52,4,2,3971.0,13076.09,50.0,4643.13
38.16,-120.85,4,1,4173.0,19071.66,25.0,8454.25
38.17,-121.31,4,1,5250.25,10636.33,25.0,5172.89
38.17,-121.14,4,1,4979.5,20152.15,25.0,496.54
38.18,-120.9,4,0,4000.25,12179.73,0.0,0.0
38.18,-120.36,4,2,4279.75,17251.19,50.0,9293.78
38.18,-119.29,4,0,4167.5,10441.27,0.0,0.0
38.19,-120.96,4,1,4491.0,8346.29,25.0,36.63
38.2,-122.02,4,0,4855.75,11276.89,0.0,0.0
38.2,-121.24,4,3,5254.5,18107.96,75.0,10471.36
38.2,-120.62,4,0,4911.25,14792.96,0.0,0.0
38.21,-120.34,4,1,3874.25,4572.69,25.0,259.8
38.22,-119.76,4,2,4754.0,11624.44,50.0,8106.44
38.23,-122.32,4,1,4260.75,6068.96,25.0,965.89
38.23,-121.03,4,1,5072.5,13190.15,25.0,120.48
38.23,-120.86,4,1,3964.75,15129.82,25.0,5512.9
38.24,-122.96,4,0,3795.5,11719.2,0.0,0.0
38.24,-122.9,4,1,4907.25,5310.54,25.0,197.43
38.24,-122.78,4,0,3774.0,12020.75,0.0,0.0
38.24,-122.56,4,0,3767.25,10581.49,0.0,0.0
38.24,-121.59,4,2,5353.75,8136.59,50.0,193.11
38.24,-120.42,4,2,3642.0,7841.25,50.0,1877.91
38.25,-122.46,4,1,4993.75,11943.63,25.0,578.61
38.26,-120.52,4,1,4144.75,5876.12,25.0,3823.36
38.27,-121.94,4,2,4216.75,18523.31,50.0,15554.64
38.27,-121.26,4,1,4834.75,9309.49,25.0,1423.7
38.29,-122.03,4,2,3249.75,11533.14,50.0,10243.43
38.3,-120.59,4,0,4708.25,7526.54,0.0,0.0
38.31,-121.55,4,0,3457.75,7405.47,0.0,0.0
38.31,-121.12,4,1,4682.75,11335.47,25.0,3674.85
38.32,-120.24,4,1,4371.0,1215.61,25.0,74.15
38.33,-122.72,4,2,5285.0,8844.94,50.0,135.88
38.33,-122.64,4,0,4408.25,15300.24,0.0,0.0
38.33,-121.92,4,0,5078.75,17306.66,0.0,0.0
38.34,-122.98,4,0,4272.75,8624.99,0.0,0.0
38.34,-122.94,4,1,4697.5,10210.56,25.0,160.5
38.34,-120.95,4,0,4551.25,23533.64,0.0,0.0
38.34,-120.77,4,3,3802.75,5707.29,75.0,2929.44
38.35,-122.7,4,1,3996.5,8621.56,25.0,462.84
38.35,-122.52,2,2,4059.0,1405.04,100.0,1405.04
38.35,-121.9,4,2,4612.0,5804.91,50.0,1528.28
38.35,-121.44,4,2,5122.25,21044.79,50.0,11281.73
38.36,-120.58,4,2,4686.25,11869.8,50.0,315.9
38.37,-122.52,4,1,4544.25,11094.77,25.0,1161.5
38.38,-123.04,4,1,4576.5,19545.44,25.0,2519.91
38.38,-121.58,4,2,4115.5,9870.53,50.0,8429.91
38.38,-121.51,4,1,4433.5,24090.18,25.0,7435.88
38.39,-122.74,4,2,4587.0,14461.65,50.0,5618.58
38.39,-121.8,4,1,3544.75,6125.29,25.0,290.03
38.39,-121.23,4,1,4332.5,18743.54,25.0,1460.29
38.39,-120.42,4,0,4249.75,7812.89,0.0,0.0
38.4,-122.86,4,0,4058.75,12036.54,0.0,0.0
38.4,-120.64,4,1,3683.75,12651.4,25.0,643.45
38.42,-123.0,4,0,4078.5,23727.88,0.0,0.0
38.42,-122.52,4,0,5021.25,20033.88,0.0,0.0
38.42,-122.37,4,0,3994.0,10708.49,0.0,0.0
38.42,-122.02,4,1,3868.0,7162.35,25.0,43.41
38.42,-120.47,4,1,3840.5,3749.37,25.0,51.62
38.43,-122.87,4,1,4908.25,10630.16,25.0,569.55
38.43,-121.31,4,2,4096.5,8844.86,50.0,3569.35
38.43,-120.84,4,3,4683.25,3815.67,75.0,3098.14
38.43,-120.77,4,1,4176.25,11597.77,25.0,4607.62
38.43,-119.48,4,0,4906.25,14093.25,0.0,0.0
38.44,-122.67,4,2,3957.75,7736.32,50.0,5928.54
38.45,-123.06,4,0,3639.25,14676.4,0.0,0.0
38.45,-121.5,4,0,3983.75,13994.16,0.0,0.0
38.46,-122.79,4,2,3458.5,3160.99,50.0,539.05
38.47,-123.02,4,0,5474.25,28659.54,0.0,0.0
38.47,-122.58,4,2,4380.75,5414.42,50.0,3281.59
38.47,-121.11,4,2,4281.0,11462.82,50.0,1956.58
38.48,-121.44,4,1,4386.5,15162.33,25.0,102.91
38.48,-120.6,4,0,4593.25,15629.35,0.0,0.0
38.49,-122.78,4,2,5339.0,16971.09,50.0,7794.14
38.49,-122.75,4,1,4145.75,8963.21,25.0,124.22
38.49,-122.27,4,2,4550.25,23291.46,50.0,9447.0
38.49,-121.53,4,2,4354.0,8729.92,50.0,1858.52
38.49,-121.4,4,2,4347.25,14262.52,50.0,718.19
38.49,-121.33,4,1,4931.0,14089.29,25.0,4718.72
38.49,-121.28,4,0,5067.0,14661.99,0.0,0.0
38.49,-120.89,4,2,4475.75,16036.01,50.0,715.76
38.5,-122.92,4,0,5127.0,15700.25,0.0,0.0
38.51,-123.19,4,1,4560.75,8229.67,25.0,884.15
38.51,-121.68,4,2,3229.5,5275.02,50.0,1437.2
38.51,-121.5,4,0,5289.75,12144.65,0.0,0.0
38.51,-120.7,4,0,4305.5,5765.9,0.0,0.0
38.52,-122.98,4,1,3948.5,15676.5,25.0,675.67
38.52,-121.44,4,1,4407.0,24885.62,25.0,2140.03
38.53,-123.01,4,1,5513.75,22827.25,25.0,1002.08
38.53,-122.81,4,0,5315.25,13831.97,0.0,0.0
38.53,-122.71,4,2,3999.0,6021.14,50.0,3999.52
38.54,-122.42,4,1,4607.0,16660.47,25.0,1448.8
38.54,-121.69,4,2,4069.5,9772.21,50.0,1761.1
38.54,-121.44,4,1,3725.5,16229.33,25.0,9203.52
38.54,-121.38,4,1,4161.0,4877.11,25.0,36.46
38.55,-122.47,4,2,5359.25,10961.06,50.0,4053.0
38.55,-121.46,4,1,4110.25,15594.68,25.0,519.87
38.55,-121.33,4,1,5307.75,24953.93,25.0,7593.69
38.55,-121.27,4,2,3538.5,7987.57,50.0,1437.73
38.55,-120.74,4,0,5119.25,5812.11,0.0,0.0
38.55,-120.27,4,1,5009.0,22171.65,25.0,1821.45
38.56,-121.5,4,1,5224.0,5940.39,25.0,326.3
38.57,-121.47,4,0,4724.5,16675.07,0.0,0.0
38.57,-121.44,4,1,4270.75,6435.07,25.0,42.37
38.58,-123.19,4,0,3954.25,14904.73,0.0,0.0
38.58,-122.3,4,2,5658.0,15922.61,50.0,5337.9
38.58,-122.02,4,2,3953.75,15700.79,50.0,3085.63
38.58,-121.49,4,1,4337.5,7507.68,25.0,2552.05
38.59,-121.54,4,1,3082.0,7734.02,25.0,2847.99
38.59,-121.41,4,1,4304.25,18126.74,25.0,4525.94
38.59,-121.38,4,1,4171.0,10684.15,25.0,3311.86
38.59,-121.16,4,2,3709.0,12255.97,50.0,6617.95
38.6,-121.28,4,1,4619.0,15887.32,25.0,4633.22
38.6,-120.96,4,0,4786.5,17086.41,0.0,0.0
38.61,-121.45,4,2,5246.0,11358.72,50.0,1086.98
38.61,-120.59,4,0,4205.25,22900.37,0.0,0.0
38.62,-122.91,4,1,4730.25,18002.0,25.0,3657.38
38.62,-121.52,4,0,4716.25,11797.78,0.0,0.0
38.63,-122.59,4,1,4187.5,14227.05,25.0,1525.31
38.63,-121.59,4,0,5584.75,24487.56,0.0,0.0
38.63,-121.38,4,1,4487.25,8281.09,25.0,83.73
38.63,-121.33,4,2,4409.75,6323.78,50.0,3093.3
38.63,-120.84,4,1,4180.5,9703.83,25.0,274.03
38.63,-120.02,4,1,2631.25,9226.73,25.0,1412.9
38.64,-120.52,4,3,4493.0,19998.69,75.0,10695.86
38.64,-119.49,3,0,4162.33,16000.98,0.0,0.0
38.65,-121.52,4,0,4470.25,7997.33,0.0,0.0
38.65,-121.44,4,3,4503.25,10853.37,75.0,8600.77
38.65,-121.25,4,2,4475.5,8639.77,50.0,5860.3
38.66,-121.35,4,0,4229.5,13640.79,0.0,0.0
38.67,-122.4,4,3,5032.25,9111.9,75.0,8492.23
38.67,-121.96,4,1,3584.75,6090.19,25.0,3315.47
38.67,-121.39,4,0,5695.0,15962.27,0.0,0.0
38.67,-121.15,4,2,4050.5,17779.99,50.0,6143.72
38.68,-122.13,4,0,4651.75,9011.97,0.0,0.0
38.68,-121.06,4,0,4069.0,8252.89,0.0,0.0
38.68,-120.81,4,2,4957.75,6316.49,50.0,601.92
38.69,-121.69,4,2,3762.0,3124.53,50.0,486.22
38.69,-121.6,4,1,5225.25,21144.05,25.0,3937.45
38.69,-121.54,4,2,3564.75,12303.68,50.0,4579.45
38.69,-121.46,4,1,3803.5,9225.66,25.0,111.01
38.69,-121.35,4,1,5052.5,11040.4,25.0,3510.39
38.69,-121.22,4,3,4475.75,21347.44,75.0,14180.26
38.7,-123.44,4,2,5022.5,15738.59,50.0,2909.0
38.7,-121.31,4,0,5070.5,20237.71,0.0,0.0
38.7,-121.27,4,1,4138.25,18586.09,25.0,3295.68
38.72,-121.86,4,1,3558.0,10762.25,25.0,492.18
38.72,-121.36,4,2,5055.75,9686.59,50.0,1589.27
38.72,-120.99,4,1,3610.25,11193.36,25.0,46.67
38.73,-123.32,4,1,5068.75,11454.97,25.0,2055.58
38.73,-123.06,4,0,5770.0,13137.98,0.0,0.0
38.73,-121.46,4,2,3836.0,16174.32,50.0,4645.52
38.73,-120.8,4,0,4368.75,4725.14,0.0,0.0
38.73,-120.45,4,1,3251.75,13770.74,25.0,1126.82
38.74,-121.25,4,1,4263.75,22166.93,25.0,6697.3
38.74,-119.86,4,0,4147.75,14648.02,0.0,0.0
38.75,-121.18,4,1,3875.75,5774.39,25.0,25.1
38.75,-120.68,4,1,4484.75,7429.23,25.0,303.81
38.76,-121.29,4,2,4311.5,17019.71,50.0,3832.23
38.77,-120.21,4,1,4862.5,8081.61,25.0,42.52
38.78,-121.37,4,0,5158.75,18959.85,0.0,0.0
38.79,-122.59,4,0,4154.25,17854.41,0.0,0.0
38.79,-121.61,4,1,4163.25,12575.79,25.0,83.71
38.79,-121.24,4,0,3666.0,17164.84,0.0,0.0
38.8,-122.94,4,1,4642.0,6548.58,25.0,667.62
38.8,-121.04,4,1,3563.5,4244.01,25.0,132.74
38.81,-122.24,4,1,3794.75,6617.18,25.0,121.5
38.81,-121.17,4,1,4541.25,17040.84,25.0,7711.41
38.81,-120.13,4,0,5516.25,13290.85,0.0,0.0
38.82,-121.28,4,0,4360.0,16219.45,0.0,0.0
38.82,-120.92,4,2,4638.0,14384.56,50.0,11589.35
38.83,-122.2,4,2,4796.75,17416.15,50.0,3008.72
38.83,-122.13,4,0,4413.0,8979.58,0.0,0.0
38.83,-121.5,4,2,4123.75,19391.82,50.0,9450.9
38.84,-122.73,4,1,4784.25,12602.83,25.0,3128.84
38.85,-123.51,4,1,4453.75,27176.84,25.0,7787.94
38.85,-120.84,4,2,4221.75,9565.86,50.0,1766.95
38.85,-120.08,4,1,3734.0,14937.95,25.0,364.74
38.86,-121.18,4,1,4013.25,14034.48,25.0,8054.52
38.88,-121.77,4,1,4267.0,17027.82,25.0,2260.42
38.88,-121.16,4,1,3545.5,7318.5,25.0,78.65
38.88,-120.97,4,1,3532.5,15309.33,25.0,272.56
38.89,-123.24,4,1,4720.5,17118.78,25.0,35.05
38.91,-123.61,4,1,4859.0,15125.52,25.0,2834.39
38.91,-121.08,4,0,4405.25,20126.36,0.0,0.0
38.91,-120.11,2,2,5236.5,3445.8,100.0,3445.8
38.92,-121.31,4,0,4281.5,24691.31,0.0,0.0
38.92,-120.9,4,2,4276.0,11928.02,50.0,802.65
38.93,-122.79,4,0,5648.5,29154.03,0.0,0.0
38.93,-122.55,4,0,4861.0,13923.72,0.0,0.0
38.93,-121.95,4,2,3610.25,5796.11,50.0,1025.24
38.94,-123.12,4,1,4696.75,9279.77,25.0,149.73
38.94,-120.79,4,0,4379.0,11433.34,0.0,0.0
38.95,-121.48,4,1,4100.25,5081.74,25.0,1350.77
38.97,-123.59,4,0,4605.75,28066.93,0.0,0.0
38.97,-122.63,4,2,3355.0,7173.51,50.0,5751.56
38.98,-122.05,4,1,5601.0,23179.52,25.0,9411.65
38.98,-121.35,4,1,4413.0,14714.75,25.0,209.39
38.98,-120.99,4,1,4793.25,16733.43,25.0,198.43
38.99,-121.11,4,2,4927.0,8215.71,50.0,5357.08
39.0,-121.02,4,2,4129.25,12058.4,50.0,2327.02
39.01,-120.98,4,1,3873.5,6870.4,25.0,68.08
39.03,-123.38,4,0,4417.0,22599.0,0.0,0.0
39.03,-121.9,4,3,3854.0,6705.72,75.0,2911.22
39.03,-121.61,4,0,4368.5,12144.54,0.0,0.0
39.03,-120.81,4,0,4890.5,13278.05,0.0,0.0
39.04,-121.41,4,3,4377.0,4212.78,75.0,1174.23
39.05,-122.74,4,0,3843.5,10303.27,0.0,0.0
39.06,-120.18,3,1,4104.0,14186.56,33.33,305.95
39.07,-122.6,4,2,4325.5,10112.25,50.0,2550.25
39.07,-121.83,4,0,3525.0,12647.4,0.0,0.0
39.08,-122.96,4,1,3379.25,7392.77,25.0,117.56
39.08,-121.71,4,2,4075.5,5723.28,50.0,1361.81
39.08,-121.55,4,1,5019.0,13597.11,25.0,2441.48
39.08,-120.89,4,1,3741.75,3294.04,25.0,78.7
39.09,-123.5,4,1,3710.25,12599.06,25.0,1408.73
39.1,-121.14,4,2,4320.5,5574.14,50.0,552.96
39.11,-123.65,4,1,5019.5,11098.61,25.0,66.77
39.12,-122.84,4,2,4179.25,9859.36,50.0,1073.53
39.12,-122.28,4,2,4480.75,5063.26,50.0,864.87
39.12,-120.21,3,1,3445.0,1823.82,33.33,91.7
39.13,-123.23,4,1,3856.75,17765.12,25.0,527.91
39.13,-121.39,4,1,3762.0,11924.22,25.0,856.35
39.14,-122.77,4,1,4383.75,13784.48,25.0,880.2
39.17,-121.81,4,1,4431.25,18540.46,25.0,93.7
39.17,-120.84,4,0,3710.75,15253.72,0.0,0.0
39.18,-123.55,4,1,4254.0,12548.47,25.0,101.29
39.18,-121.29,4,0,4444.0,5577.35,0.0,0.0
39.18,-120.16,3,0,3454.0,14970.47,0.0,0.0
39.19,-120.99,4,0,3732.5,6514.68,0.0,0.0
39.19,-120.21,4,0,4966.75,7825.38,0.0,0.0
39.2,-121.5,4,0,4581.75,9465.25,0.0,0.0
39.2,-121.2,4,0,4880.75,7467.84,0.0,0.0
39.2,-120.84,4,2,2750.5,5593.21,50.0,948.11
39.22,-122.99,4,1,4416.5,11090.78,25.0,756.83
39.22,-122.91,4,0,4508.75,16773.37,0.0,0.0
39.22,-120.79,4,0,4450.5,9490.16,0.0,0.0
39.23,-123.72,4,0,3742.0,8536.12,0.0,0.0
39.23,-121.16,4,2,4490.75,11757.07,50.0,6455.72
39.23,-120.09,4,2,4351.0,18420.37,50.0,5341.6
39.24,-123.57,4,3,4205.75,2844.97,75.0,2672.89
39.24,-120.72,4,1,4569.75,17453.68,25.0,4575.25
39.24,-120.05,4,2,2965.25,10666.56,50.0,8200.85
39.25,-123.77,4,0,3915.0,8706.04,0.0,0.0
39.25,-120.03,4,1,3592.75,10387.55,25.0,452.64
39.26,-121.78,4,1,4807.0,10968.58,25.0,853.84
39.27,-122.05,4,1,5517.5,14132.69,25.0,29.46
39.28,-122.23,4,1,3989.75,12391.8,25.0,2261.98
39.28,-120.41,4,2,5069.5,10273.64,50.0,1244.14
39.29,-122.42,4,0,5081.25,19003.41,0.0,0.0
39.29,-121.32,4,1,4548.75,11758.73,25.0,2181.56
39.3,-123.25,4,1,4385.25,15613.14,25.0,2460.22
39.31,-123.74,4,2,4596.25,4521.93,50.0,198.95
39.33,-120.86,4,1,3977.0,2793.84,25.0,45.8
39.34,-121.25,4,0,5531.5,19058.2,0.0,0.0
39.34,-120.79,4,0,4616.5,13368.09,0.0,0.0
39.35,-121.76,4,1,3830.0,15373.03,25.0,6286.63
39.36,-123.78,4,2,4558.0,24514.02,50.0,4792.05
39.38,-121.21,4,2,5758.75,18103.59,50.0,11180.95
39.4,-121.38,4,2,3078.25,9496.26,50.0,6393.82
39.41,-123.05,4,0,4404.75,23074.06,0.0,0.0
39.42,-122.04,4,2,5485.75,14324.97,50.0,3190.91
39.42,-120.98,4,0,3748.0,10079.54,0.0,0.0
39.43,-121.1,4,1,4493.75,20829.8,25.0,1354.72
39.44,-121.55,4,1,4227.0,16185.87,25.0,2580.5
39.44,-121.26,4,1,3914.5,11528.73,25.0,85.48
39.45,-121.94,4,1,4506.0,15060.28,25.0,5535.07
39.46,-123.68,4,0,4466.5,17973.9,0.0,0.0
39.46,-121.82,4,0,4474.0,10340.26,0.0,0.0
39.46,-121.2,4,2,4718.25,9631.31,50.0,259.56
39.47,-121.42,4,2,4259.75,2587.52,50.0,157.51
39.47,-120.84,4,0,4193.5,4328.21,0.0,0.0
39.49,-123.38,4,0,3627.0,13946.46,0.0,0.0
39.49,-122.29,4,1,4080.0,11775.74,25.0,664.86
39.5,-121.75,4,0,4580.25,4971.55,0.0,0.0
39.53,-122.59,4,1,4659.0,7433.72,25.0,115.85
39.53,-121.25,4,1,5152.0,16849.18,25.0,5292.64
39.56,-121.15,4,1,4208.5,8862.86,25.0,206.17
39.56,-120.87,4,0,5203.75,20068.22,0.0,0.0
39.56,-120.35,4,2,3406.5,2605.75,50.0,2198.36
39.58,-121.09,4,2,3899.5,9767.36,50.0,728.69
39.58,-120.78,4,1,4207.5,10063.9,25.0,429.96
39.6,-122.03,4,0,5058.75,15865.8,0.0,0.0
39.6,-120.64,4,3,3284.25,10453.73,75.0,6746.13
39.61,-121.78,4,0,3954.0,17106.6,0.0,0.0
39.62,-121.55,4,0,5563.25,11439.14,0.0,0.0
39.64,-120.23,4,0,4157.5,6459.73,0.0,0.0
39.66,-121.38,4,0,4721.0,20045.67,0.0,0.0
39.67,-120.46,4,0,4618.5,15230.1,0.0,0.0
39.68,-121.84,4,2,3903.0,12456.9,50.0,10990.36
39.7,-121.64,4,0,4167.5,14497.33,0.0,0.0
39.71,-123.68,4,2,4288.25,2185.18,50.0,1340.46
39.72,-123.77,4,1,4698.0,18096.79,25.0,5175.38
39.73,-122.04,4,1,5053.75,8406.95,25.0,253.88
39.75,-122.3,4,1,5307.0,15006.4,25.0,112.74
39.75,-121.84,4,1,4824.25,8523.73,25.0,75.6
39.75,-120.58,4,0,4835.0,15181.61,0.0,0.0
39.76,-123.36,4,0,4748.0,5775.61,0.0,0.0
39.78,-120.66,4,1,3398.0,5383.32,25.0,2300.76
39.79,-120.45,3,0,5319.0,14034.83,0.0,0.0
39.81,-123.53,4,1,5033.25,20181.52,25.0,655.0
39.83,-123.18,4,1,4216.5,10537.43,25.0,1946.35
39.85,-122.54,4,1,4914.25,7339.89,25.0,103.67
39.87,-123.74,4,0,4607.75,6097.3,0.0,0.0
39.87,-120.2,4,0,5157.25,9309.2,0.0,0.0
39.88,-122.59,4,3,4664.25,6621.68,75.0,6466.03
39.9,-121.84,4,0,4793.75,13143.87,0.0,0.0
39.9,-121.53,4,0,4014.5,10662.86,0.0,0.0
39.91,-122.29,4,1,4662.25,21776.05,25.0,7364.52
39.93,-121.58,4,1,3578.0,9151.44,25.0,1833.92
39.94,-121.06,4,1,4754.5,13679.42,25.0,3878.58
39.96,-123.68,4,1,5825.25,29946.89,25.0,7373.82
39.96,-122.02,3,1,3603.0,8782.26,33.33,1626.7
39.97,-121.04,4,3,3213.25,3498.87,75.0,3097.31
40.01,-120.1,4,1,4895.5,14111.27,25.0,1800.55
40.02,-122.13,4,0,4750.0,12733.89,0.0,0.0
40.02,-121.06,4,4,4023.0,1453.58,100.0,1453.58
40.03,-122.18,4,0,4035.5,9121.74,0.0,0.0
40.05,-120.74,4,1,3832.75,9846.09,25.0,77.81
40.06,-123.68,4,1,4426.0,9081.09,25.0,167.39
40.06,-122.09,4,1,4065.25,19430.24,25.0,9180.75
40.08,-121.49,4,1,2668.25,8028.25,25.0,1842.35
40.08,-120.96,4,1,4396.25,11070.46,25.0,3027.85
40.14,-123.85,4,1,5129.25,22570.66,25.0,10022.26
40.16,-120.84,4,0,4930.25,13204.03,0.0,0.0
40.17,-123.58,4,1,5122.5,15541.53,25.0,2024.3
40.17,-123.42,4,1,3995.0,12733.38,25.0,1670.65
40.17,-121.12,4,2,5150.25,9703.67,50.0,3148.2
40.18,-123.75,4,0,3675.75,7486.99,0.0,0.0
40.18,-120.39,4,0,4369.75,24929.62,0.0,0.0
40.19,-122.39,4,2,5500.25,15007.41,50.0,6068.15
40.2,-120.18,4,0,4553.0,15698.53,0.0,0.0
40.21,-123.86,4,3,4916.25,12119.34,75.0,7462.46
40.24,-121.15,4,0,4637.75,13032.8,0.0,0.0
40.27,-124.21,4,1,4345.5,12230.48,25.0,2626.0
40.27,-123.81,4,1,4246.0,7275.88,25.0,48.18
40.27,-121.02,4,2,4205.75,5835.04,50.0,562.98
40.29,-120.51,4,0,4471.5,16396.3,0.0,0.0
40.31,-123.91,4,0,3754.0,6807.96,0.0,0.0
40.31,-123.67,4,0,3682.75,7273.66,0.0,0.0
40.33,-121.46,4,1,5053.25,17459.16,25.0,1803.75
40.34,-124.06,4,1,5726.25,24651.76,25.0,68.41
40.34,-122.45,4,1,3485.0,6938.76,25.0,108.93
40.34,-121.82,4,1,3724.5,9244.91,25.0,118.81
40.35,-120.39,4,0,3637.0,5626.7,0.0,0.0
40.35,-120.08,4,1,4247.5,8781.34,25.0,614.25
40.36,-123.84,4,0,3912.75,3635.15,0.0,0.0
40.37,-123.53,4,3,4159.5,9207.82,75.0,8783.61
40.37,-122.94,4,1,4145.25,4372.41,25.0,81.05
40.39,-123.41,4,0,5339.75,7073.34,0.0,0.0
40.41,-121.58,4,2,4634.5,19388.16,50.0,11244.81
40.43,-121.85,4,0,4747.5,14343.28,0.0,0.0
40.44,-124.1,4,0,4071.25,2450.17,0.0,0.0
40.45,-122.31,4,2,4403.0,5248.49,50.0,4254.25
40.48,-124.3,4,1,2861.5,7580.59,25.0,4851.93
40.49,-124.16,4,3,4655.5,15111.96,75.0,9736.51
40.5,-123.93,4,0,4257.25,10103.16,0.0,0.0
40.5,-121.83,4,1,4515.5,19397.03,25.0,3423.26
40.51,-120.34,4,0,5345.5,14733.72,0.0,0.0
40.52,-122.65,4,1,3466.5,14924.56,25.0,8414.62
40.53,-122.32,4,1,4629.75,14166.78,25.0,4200.3
40.53,-122.15,4,0,3779.75,9562.8,0.0,0.0
40.56,-124.08,4,2,4674.75,16552.61,50.0,9392.52
40.56,-120.61,4,2,5365.0,9527.53,50.0,3131.81
40.58,-124.12,4,0,4920.0,14433.73,0.0,0.0
40.58,-122.2,4,2,4699.0,17865.16,50.0,678.85
40.59,-122.9,4,2,5533.5,12683.16,50.0,2028.1
40.59,-122.46,4,1,4368.5,3837.68,25.0,98.35
40.62,-122.51,3,0,5575.0,19378.02,0.0,0.0
40.64,-121.91,4,1,4792.75,25877.48,25.0,4260.67
40.65,-123.47,4,0,5056.0,6167.45,0.0,0.0
40.66,-123.87,4,0,3889.5,16501.89,0.0,0.0
40.66,-121.43,4,3,3976.25,4808.9,75.0,2994.74
40.67,-124.24,4,1,4620.0,873.05,25.0,98.93
40.68,-122.29,4,0,4496.0,8294.42,0.0,0.0
40.69,-122.37,4,1,4069.0,16913.72,25.0,25.05
40.69,-122.04,4,2,4976.5,3585.28,50.0,2875.27
40.7,-122.8,4,3,4617.75,7698.64,75.0,6276.24
40.72,-122.11,4,1,4368.0,3734.81,25.0,719.1
40.73,-124.22,4,1,5600.25,11386.72,25.0,381.56
40.74,-124.11,4,1,4628.5,11066.87,25.0,744.17
40.74,-122.59,4,0,4157.75,8796.77,0.0,0.0
40.76,-122.94,4,2,3362.75,8590.56,50.0,7567.51
40.77,-123.8,4,1,4055.5,3532.67,25.0,126.07
40.78,-123.29,4,0,4931.75,19823.13,0.0,0.0
40.79,-121.47,4,2,4907.0,7962.34,50.0,7840.23
40.8,-124.15,4,1,3732.75,5947.47,25.0,607.45
40.81,-124.19,4,1,4747.75,14570.89,25.0,108.8
40.83,-124.05,4,2,4099.25,13939.44,50.0,4473.34
40.84,-124.0,4,0,4116.5,13039.75,0.0,0.0
40.85,-123.45,4,1,4519.75,9828.44,25.0,87.47
40.85,-120.32,3,0,4528.0,9826.63,0.0,0.0
40.88,-122.42,4,1,4898.5,13525.13,25.0,431.63
40.88,-121.89,4,0,4794.25,13128.62,0.0,0.0
40.9,-123.54,4,1,4868.75,9587.91,25.0,160.95
40.91,-123.07,4,0,5560.25,16968.23,0.0,0.0
40.92,-122.06,4,1,4340.25,7364.47,25.0,148.4
40.94,-123.83,4,2,4959.0,9658.38,50.0,8834.93
40.94,-121.57,4,1,4994.0,22477.22,25.0,5647.3
40.95,-123.66,4,0,4261.5,12971.44,0.0,0.0
40.95,-121.72,4,2,3849.25,12881.3,50.0,7608.42
40.97,-124.02,4,2,4622.25,24578.92,50.0,20037.74
41.02,-121.47,4,1,4370.0,2427.89,25.0,105.02
41.03,-120.67,4,1,4996.75,8316.3,25.0,259.92
41.04,-120.51,4,0,5189.25,11703.62,0.0,0.0
41.08,-122.7,4,2,3479.75,14591.78,50.0,5868.64
41.08,-121.2,4,1,4751.5,10240.2,25.0,4812.84
41.08,-121.11,4,1,5613.25,22505.13,25.0,2219.51
41.1,-121.88,4,2,4484.75,13829.0,50.0,7266.82
41.11,-121.36,4,1,3861.75,7390.14,25.0,184.73
41.12,-122.34,4,2,4342.0,13902.27,50.0,8667.8
41.16,-124.03,4,2,4003.0,11689.02,50.0,3961.25
41.16,-123.7,4,1,5179.0,11130.01,25.0,976.22
41.17,-120.91,4,2,3990.5,5539.38,50.0,2457.91
41.21,-122.39,4,1,4638.75,3982.12,25.0,712.85
41.23,-123.19,4,0,5075.0,18910.88,0.0,0.0
41.25,-122.11,4,0,3863.0,6576.68,0.0,0.0
41.27,-123.55,4,0,4162.25,5037.59,0.0,0.0
41.27,-120.49,3,0,5205.33,14503.7,0.0,0.0
41.28,-121.16,4,0,3751.5,10103.89,0.0,0.0
41.28,-120.15,4,2,4749.25,238.57,50.0,127.26
41.34,-124.04,4,0,4716.25,13572.69,0.0,0.0
41.34,-122.29,4,0,3788.75,10375.55,0.0,0.0
41.39,-122.79,4,1,5484.5,18071.57,25.0,90.6
41.41,-123.01,4,1,3615.5,16451.37,25.0,83.35
41.41,-122.7,4,0,4333.75,20995.0,0.0,0.0
41.44,-123.47,4,1,4040.25,13822.59,25.0,7613.73
41.47,-122.38,4,0,4654.25,23521.94,0.0,0.0
41.47,-120.54,3,0,5261.33,1819.33,0.0,0.0
41.49,-120.91,4,1,3882.0,3137.84,25.0,1582.68
41.51,-120.15,4,0,4906.0,8686.55,0.0,0.0
41.53,-122.96,4,1,4699.0,14507.79,25.0,1286.7
41.57,-124.04,4,1,4821.25,20110.61,25.0,3653.96
41.6,-122.54,4,0,4075.75,4720.36,0.0,0.0
41.74,-123.08,4,0,4826.25,15747.87,0.0,0.0
41.75,-120.4,3,0,4542.67,6988.01,0.0,0.0
41.76,-122.67,4,0,4757.5,17467.67,0.0,0.0
41.77,-121.92,4,0,4374.25,14238.91,0.0,0.0
41.81,-121.49,4,0,4091.75,6909.34,0.0,0.0
41.82,-122.95,4,2,3848.5,9467.14,50.0,3108.46
41.83,-123.49,4,2,4202.5,12118.15,50.0,10607.62
41.87,-123.79,4,1,5155.5,12943.86,25.0,330.77
41.92,-123.26,3,1,3945.33,10580.16,33.33,664.09
41.93,-120.14,3,1,5563.0,18286.51,33.33,3122.87
41.95,-124.1,4,4,4386.5,7831.42,100.0,7831.42
41.95,-122.05,4,1,4034.25,7134.09,25.0,110.0
41.96,-122.53,4,1,5098.0,8908.56,25.0,247.22
